"GEOID","GEONAME","Line Number","Title","Estimate","Margin of Error","Percent Estimate","Percent Margin of Error"
610U800US11001,"Ward 1 (2022), District of Columbia",0,ACS DEMOGRAPHIC AND HOUSING ESTIMATES,,,,
610U800US11001,"Ward 1 (2022), District of Columbia",0.5,,,,,
610U800US11001,"Ward 1 (2022), District of Columbia",0.8,SEX AND AGE,,,,
610U800US11001,"Ward 1 (2022), District of Columbia",1,Total population,"82,404","+/-3,217","82,404",(X)
610U800US11001,"Ward 1 (2022), District of Columbia",2,Male,"39,512","+/-1,834",47.9,+/-1.5
610U800US11001,"Ward 1 (2022), District of Columbia",3,Female,"42,892","+/-2,251",52.1,+/-1.5
610U800US11001,"Ward 1 (2022), District of Columbia",4,Sex ratio (males per 100 females),92.1,+/-5.6,(X),(X)
610U800US11001,"Ward 1 (2022), District of Columbia",4.3,,,,,
610U800US11001,"Ward 1 (2022), District of Columbia",5,Under 5 years,"4,653",+/-805,5.6,+/-0.9
610U800US11001,"Ward 1 (2022), District of Columbia",6,5 to 9 years,"3,202",+/-590,3.9,+/-0.7
610U800US11001,"Ward 1 (2022), District of Columbia",7,10 to 14 years,"2,731",+/-558,3.3,+/-0.6
610U800US11001,"Ward 1 (2022), District of Columbia",8,15 to 19 years,"3,877",+/-642,4.7,+/-0.8
610U800US11001,"Ward 1 (2022), District of Columbia",9,20 to 24 years,"6,330",+/-684,7.7,+/-0.8
610U800US11001,"Ward 1 (2022), District of Columbia",10,25 to 34 years,"26,719","+/-1,368",32.4,+/-1.5
610U800US11001,"Ward 1 (2022), District of Columbia",11,35 to 44 years,"14,746","+/-1,071",17.9,+/-1.1
610U800US11001,"Ward 1 (2022), District of Columbia",12,45 to 54 years,"7,881",+/-881,9.6,+/-0.9
610U800US11001,"Ward 1 (2022), District of Columbia",13,55 to 59 years,"3,901",+/-564,4.7,+/-0.7
610U800US11001,"Ward 1 (2022), District of Columbia",14,60 to 64 years,"2,563",+/-394,3.1,+/-0.5
610U800US11001,"Ward 1 (2022), District of Columbia",15,65 to 74 years,"3,869",+/-530,4.7,+/-0.6
610U800US11001,"Ward 1 (2022), District of Columbia",16,75 to 84 years,"1,383",+/-260,1.7,+/-0.3
610U800US11001,"Ward 1 (2022), District of Columbia",17,85 years and over,549,+/-186,0.7,+/-0.2
610U800US11001,"Ward 1 (2022), District of Columbia",17.3,,,,,
610U800US11001,"Ward 1 (2022), District of Columbia",18,Median age (years),32.5,+/-0.4,(X),(X)
610U800US11001,"Ward 1 (2022), District of Columbia",18.3,,,,,
610U800US11001,"Ward 1 (2022), District of Columbia",19,Under 18 years,"11,854","+/-1,453",14.4,+/-1.4
610U800US11001,"Ward 1 (2022), District of Columbia",20,16 years and over,"71,298","+/-2,435",86.5,+/-1.4
610U800US11001,"Ward 1 (2022), District of Columbia",21,18 years and over,"70,550","+/-2,405",85.6,+/-1.4
610U800US11001,"Ward 1 (2022), District of Columbia",22,21 years and over,"66,675","+/-2,344",80.9,+/-1.5
610U800US11001,"Ward 1 (2022), District of Columbia",23,62 years and over,"7,139",+/-662,8.7,+/-0.8
610U800US11001,"Ward 1 (2022), District of Columbia",24,65 years and over,"5,801",+/-592,7.0,+/-0.7
610U800US11001,"Ward 1 (2022), District of Columbia",24.3,,,,,
610U800US11001,"Ward 1 (2022), District of Columbia",25,18 years and over,"70,550","+/-2,405","70,550",(X)
610U800US11001,"Ward 1 (2022), District of Columbia",26,Male,"33,692","+/-1,373",47.8,+/-1.6
610U800US11001,"Ward 1 (2022), District of Columbia",27,Female,"36,858","+/-1,868",52.2,+/-1.6
610U800US11001,"Ward 1 (2022), District of Columbia",28,Sex ratio (males per 100 females),91.4,+/-5.7,(X),(X)
610U800US11001,"Ward 1 (2022), District of Columbia",28.3,,,,,
610U800US11001,"Ward 1 (2022), District of Columbia",29,65 years and over,"5,801",+/-592,"5,801",(X)
610U800US11001,"Ward 1 (2022), District of Columbia",30,Male,"2,401",+/-345,41.4,+/-4.9
610U800US11001,"Ward 1 (2022), District of Columbia",31,Female,"3,400",+/-487,58.6,+/-4.9
610U800US11001,"Ward 1 (2022), District of Columbia",32,Sex ratio (males per 100 females),70.6,+/-14.4,(X),(X)
610U800US11001,"Ward 1 (2022), District of Columbia",32.3,,,,,
610U800US11001,"Ward 1 (2022), District of Columbia",32.5,RACE,,,,
610U800US11001,"Ward 1 (2022), District of Columbia",33,Total population,"82,404","+/-3,217","82,404",(X)
610U800US11001,"Ward 1 (2022), District of Columbia",34,One race,"76,164","+/-3,107",92.4,+/-1.1
610U800US11001,"Ward 1 (2022), District of Columbia",35,Two or more races,"6,240",+/-966,7.6,+/-1.1
610U800US11001,"Ward 1 (2022), District of Columbia",35.3,,,,,
610U800US11001,"Ward 1 (2022), District of Columbia",36,One race,"76,164","+/-3,107",92.4,+/-1.1
610U800US11001,"Ward 1 (2022), District of Columbia",37,White,"41,431","+/-1,741",50.3,+/-1.9
610U800US11001,"Ward 1 (2022), District of Columbia",38,Black or African American,"21,213","+/-2,383",25.7,+/-2.2
610U800US11001,"Ward 1 (2022), District of Columbia",39,American Indian and Alaska Native,400,+/-196,0.5,+/-0.2
610U800US11001,"Ward 1 (2022), District of Columbia",40,Cherokee tribal grouping,(X),(X),(X),(X)
610U800US11001,"Ward 1 (2022), District of Columbia",41,Chippewa tribal grouping,(X),(X),(X),(X)
610U800US11001,"Ward 1 (2022), District of Columbia",42,Navajo tribal grouping,(X),(X),(X),(X)
610U800US11001,"Ward 1 (2022), District of Columbia",43,Sioux tribal grouping,(X),(X),(X),(X)
610U800US11001,"Ward 1 (2022), District of Columbia",44,Asian,"4,670",+/-707,5.7,+/-0.9
610U800US11001,"Ward 1 (2022), District of Columbia",45,Asian Indian,"1,405",+/-302,1.7,+/-0.4
610U800US11001,"Ward 1 (2022), District of Columbia",46,Chinese,617,+/-155,0.7,+/-0.2
610U800US11001,"Ward 1 (2022), District of Columbia",47,Filipino,422,+/-172,0.5,+/-0.2
610U800US11001,"Ward 1 (2022), District of Columbia",48,Japanese,139,+/-81,0.2,+/-0.1
610U800US11001,"Ward 1 (2022), District of Columbia",49,Korean,610,+/-283,0.7,+/-0.3
610U800US11001,"Ward 1 (2022), District of Columbia",50,Vietnamese,825,+/-412,1.0,+/-0.5
610U800US11001,"Ward 1 (2022), District of Columbia",51,Other Asian,652,+/-246,0.8,+/-0.3
610U800US11001,"Ward 1 (2022), District of Columbia",52,Native Hawaiian and Other Pacific Islander,52,+/-47,0.1,+/-0.1
610U800US11001,"Ward 1 (2022), District of Columbia",53,Native Hawaiian,34,+/-38,0.0,+/-0.1
610U800US11001,"Ward 1 (2022), District of Columbia",54,Chamorro,0,+/-33,0.0,+/-0.1
610U800US11001,"Ward 1 (2022), District of Columbia",55,Samoan,0,+/-33,0.0,+/-0.1
610U800US11001,"Ward 1 (2022), District of Columbia",56,Other Pacific Islander,18,+/-30,0.0,+/-0.1
610U800US11001,"Ward 1 (2022), District of Columbia",57,Some other race,"8,398","+/-1,215",10.2,+/-1.5
610U800US11001,"Ward 1 (2022), District of Columbia",58,Two or more races,"6,240",+/-966,7.6,+/-1.1
610U800US11001,"Ward 1 (2022), District of Columbia",59,White and Black or African American,809,+/-303,1.0,+/-0.4
610U800US11001,"Ward 1 (2022), District of Columbia",60,White and American Indian and Alaska Native,219,+/-114,0.3,+/-0.1
610U800US11001,"Ward 1 (2022), District of Columbia",61,White and Asian,"1,267",+/-270,1.5,+/-0.3
610U800US11001,"Ward 1 (2022), District of Columbia",62,Black or African American and American Indian and Alaska Native,417,+/-371,0.5,+/-0.4
610U800US11001,"Ward 1 (2022), District of Columbia",62.3,,,,,
610U800US11001,"Ward 1 (2022), District of Columbia",62.5,Race alone or in combination with one or more other races,,,,
610U800US11001,"Ward 1 (2022), District of Columbia",63,Total population,"82,404","+/-3,217","82,404",(X)
610U800US11001,"Ward 1 (2022), District of Columbia",64,White,"46,690","+/-1,950",56.7,+/-2.1
610U800US11001,"Ward 1 (2022), District of Columbia",65,Black or African American,"23,121","+/-2,434",28.1,+/-2.1
610U800US11001,"Ward 1 (2022), District of Columbia",66,American Indian and Alaska Native,"1,418",+/-477,1.7,+/-0.6
610U800US11001,"Ward 1 (2022), District of Columbia",67,Asian,"6,168",+/-761,7.5,+/-0.9
610U800US11001,"Ward 1 (2022), District of Columbia",68,Native Hawaiian and Other Pacific Islander,98,+/-74,0.1,+/-0.1
610U800US11001,"Ward 1 (2022), District of Columbia",69,Some other race,"11,575","+/-1,359",14.0,+/-1.7
610U800US11001,"Ward 1 (2022), District of Columbia",69.3,,,,,
610U800US11001,"Ward 1 (2022), District of Columbia",69.5,HISPANIC OR LATINO AND RACE,,,,
610U800US11001,"Ward 1 (2022), District of Columbia",70,Total population,"82,404","+/-3,217","82,404",(X)
610U800US11001,"Ward 1 (2022), District of Columbia",71,Hispanic or Latino (of any race),"17,017","+/-1,273",20.7,+/-1.6
610U800US11001,"Ward 1 (2022), District of Columbia",72,Mexican,"2,838",+/-628,3.4,+/-0.7
610U800US11001,"Ward 1 (2022), District of Columbia",73,Puerto Rican,"1,082",+/-419,1.3,+/-0.5
610U800US11001,"Ward 1 (2022), District of Columbia",74,Cuban,462,+/-238,0.6,+/-0.3
610U800US11001,"Ward 1 (2022), District of Columbia",75,Other Hispanic or Latino,"12,635","+/-1,330",15.3,+/-1.7
610U800US11001,"Ward 1 (2022), District of Columbia",76,Not Hispanic or Latino,"65,387","+/-3,160",79.3,+/-1.6
610U800US11001,"Ward 1 (2022), District of Columbia",77,White alone,"36,338","+/-1,646",44.1,+/-1.7
610U800US11001,"Ward 1 (2022), District of Columbia",78,Black or African American alone,"20,384","+/-2,315",24.7,+/-2.1
610U800US11001,"Ward 1 (2022), District of Columbia",79,American Indian and Alaska Native alone,184,+/-137,0.2,+/-0.2
610U800US11001,"Ward 1 (2022), District of Columbia",80,Asian alone,"4,598",+/-697,5.6,+/-0.9
610U800US11001,"Ward 1 (2022), District of Columbia",81,Native Hawaiian and Other Pacific Islander alone,52,+/-47,0.1,+/-0.1
610U800US11001,"Ward 1 (2022), District of Columbia",82,Some other race alone,580,+/-375,0.7,+/-0.5
610U800US11001,"Ward 1 (2022), District of Columbia",83,Two or more races,"3,251",+/-584,3.9,+/-0.7
610U800US11001,"Ward 1 (2022), District of Columbia",84,Two races including Some other race,480,+/-236,0.6,+/-0.3
610U800US11001,"Ward 1 (2022), District of Columbia",85,"Two races excluding Some other race, and Three or more races","2,771",+/-551,3.4,+/-0.7
610U800US11001,"Ward 1 (2022), District of Columbia",85.3,,,,,
610U800US11001,"Ward 1 (2022), District of Columbia",86,Total housing units,"42,860","+/-1,161",(X),(X)
610U800US11001,"Ward 1 (2022), District of Columbia",86.3,,,,,
610U800US11001,"Ward 1 (2022), District of Columbia",86.5,"CITIZEN, VOTING AGE POPULATION",,,,
610U800US11001,"Ward 1 (2022), District of Columbia",87,"Citizen, 18 and over population","61,241","+/-2,284","61,241",(X)
610U800US11001,"Ward 1 (2022), District of Columbia",88,Male,"28,734","+/-1,290",46.9,+/-1.7
610U800US11001,"Ward 1 (2022), District of Columbia",89,Female,"32,507","+/-1,814",53.1,+/-1.7
610U800US11002,"Ward 2 (2022), District of Columbia",0,ACS DEMOGRAPHIC AND HOUSING ESTIMATES,,,,
610U800US11002,"Ward 2 (2022), District of Columbia",0.5,,,,,
610U800US11002,"Ward 2 (2022), District of Columbia",0.8,SEX AND AGE,,,,
610U800US11002,"Ward 2 (2022), District of Columbia",1,Total population,"83,925","+/-2,225","83,925",(X)
610U800US11002,"Ward 2 (2022), District of Columbia",2,Male,"40,917","+/-1,426",48.8,+/-1.1
610U800US11002,"Ward 2 (2022), District of Columbia",3,Female,"43,008","+/-1,494",51.2,+/-1.1
610U800US11002,"Ward 2 (2022), District of Columbia",4,Sex ratio (males per 100 females),95.1,+/-4.3,(X),(X)
610U800US11002,"Ward 2 (2022), District of Columbia",4.3,,,,,
610U800US11002,"Ward 2 (2022), District of Columbia",5,Under 5 years,"2,845",+/-492,3.4,+/-0.6
610U800US11002,"Ward 2 (2022), District of Columbia",6,5 to 9 years,999,+/-224,1.2,+/-0.3
610U800US11002,"Ward 2 (2022), District of Columbia",7,10 to 14 years,950,+/-294,1.1,+/-0.3
610U800US11002,"Ward 2 (2022), District of Columbia",8,15 to 19 years,"7,065",+/-622,8.4,+/-0.7
610U800US11002,"Ward 2 (2022), District of Columbia",9,20 to 24 years,"11,558",+/-779,13.8,+/-0.9
610U800US11002,"Ward 2 (2022), District of Columbia",10,25 to 34 years,"24,359","+/-1,279",29.0,+/-1.3
610U800US11002,"Ward 2 (2022), District of Columbia",11,35 to 44 years,"11,797",+/-809,14.1,+/-1.0
610U800US11002,"Ward 2 (2022), District of Columbia",12,45 to 54 years,"7,047",+/-709,8.4,+/-0.8
610U800US11002,"Ward 2 (2022), District of Columbia",13,55 to 59 years,"3,974",+/-546,4.7,+/-0.6
610U800US11002,"Ward 2 (2022), District of Columbia",14,60 to 64 years,"4,032",+/-548,4.8,+/-0.6
610U800US11002,"Ward 2 (2022), District of Columbia",15,65 to 74 years,"5,795",+/-585,6.9,+/-0.7
610U800US11002,"Ward 2 (2022), District of Columbia",16,75 to 84 years,"2,779",+/-397,3.3,+/-0.5
610U800US11002,"Ward 2 (2022), District of Columbia",17,85 years and over,725,+/-174,0.9,+/-0.2
610U800US11002,"Ward 2 (2022), District of Columbia",17.3,,,,,
610U800US11002,"Ward 2 (2022), District of Columbia",18,Median age (years),32.3,+/-0.6,(X),(X)
610U800US11002,"Ward 2 (2022), District of Columbia",18.3,,,,,
610U800US11002,"Ward 2 (2022), District of Columbia",19,Under 18 years,"5,303",+/-720,6.3,+/-0.8
610U800US11002,"Ward 2 (2022), District of Columbia",20,16 years and over,"79,049","+/-2,013",94.2,+/-0.8
610U800US11002,"Ward 2 (2022), District of Columbia",21,18 years and over,"78,622","+/-1,996",93.7,+/-0.8
610U800US11002,"Ward 2 (2022), District of Columbia",22,21 years and over,"68,722","+/-1,882",81.9,+/-1.0
610U800US11002,"Ward 2 (2022), District of Columbia",23,62 years and over,"11,239",+/-729,13.4,+/-0.8
610U800US11002,"Ward 2 (2022), District of Columbia",24,65 years and over,"9,299",+/-656,11.1,+/-0.7
610U800US11002,"Ward 2 (2022), District of Columbia",24.3,,,,,
610U800US11002,"Ward 2 (2022), District of Columbia",25,18 years and over,"78,622","+/-1,996","78,622",(X)
610U800US11002,"Ward 2 (2022), District of Columbia",26,Male,"38,682","+/-1,297",49.2,+/-1.1
610U800US11002,"Ward 2 (2022), District of Columbia",27,Female,"39,940","+/-1,348",50.8,+/-1.1
610U800US11002,"Ward 2 (2022), District of Columbia",28,Sex ratio (males per 100 females),96.9,+/-4.3,(X),(X)
610U800US11002,"Ward 2 (2022), District of Columbia",28.3,,,,,
610U800US11002,"Ward 2 (2022), District of Columbia",29,65 years and over,"9,299",+/-656,"9,299",(X)
610U800US11002,"Ward 2 (2022), District of Columbia",30,Male,"4,354",+/-416,46.8,+/-3.3
610U800US11002,"Ward 2 (2022), District of Columbia",31,Female,"4,945",+/-485,53.2,+/-3.3
610U800US11002,"Ward 2 (2022), District of Columbia",32,Sex ratio (males per 100 females),88.0,+/-11.8,(X),(X)
610U800US11002,"Ward 2 (2022), District of Columbia",32.3,,,,,
610U800US11002,"Ward 2 (2022), District of Columbia",32.5,RACE,,,,
610U800US11002,"Ward 2 (2022), District of Columbia",33,Total population,"83,925","+/-2,225","83,925",(X)
610U800US11002,"Ward 2 (2022), District of Columbia",34,One race,"78,218","+/-2,151",93.2,+/-1.2
610U800US11002,"Ward 2 (2022), District of Columbia",35,Two or more races,"5,707","+/-1,084",6.8,+/-1.2
610U800US11002,"Ward 2 (2022), District of Columbia",35.3,,,,,
610U800US11002,"Ward 2 (2022), District of Columbia",36,One race,"78,218","+/-2,151",93.2,+/-1.2
610U800US11002,"Ward 2 (2022), District of Columbia",37,White,"58,021","+/-2,038",69.1,+/-1.8
610U800US11002,"Ward 2 (2022), District of Columbia",38,Black or African American,"9,417",+/-853,11.2,+/-1.0
610U800US11002,"Ward 2 (2022), District of Columbia",39,American Indian and Alaska Native,432,+/-289,0.5,+/-0.3
610U800US11002,"Ward 2 (2022), District of Columbia",40,Cherokee tribal grouping,(X),(X),(X),(X)
610U800US11002,"Ward 2 (2022), District of Columbia",41,Chippewa tribal grouping,(X),(X),(X),(X)
610U800US11002,"Ward 2 (2022), District of Columbia",42,Navajo tribal grouping,(X),(X),(X),(X)
610U800US11002,"Ward 2 (2022), District of Columbia",43,Sioux tribal grouping,(X),(X),(X),(X)
610U800US11002,"Ward 2 (2022), District of Columbia",44,Asian,"7,764",+/-638,9.3,+/-0.7
610U800US11002,"Ward 2 (2022), District of Columbia",45,Asian Indian,"2,087",+/-355,2.5,+/-0.4
610U800US11002,"Ward 2 (2022), District of Columbia",46,Chinese,"2,840",+/-469,3.4,+/-0.6
610U800US11002,"Ward 2 (2022), District of Columbia",47,Filipino,318,+/-142,0.4,+/-0.2
610U800US11002,"Ward 2 (2022), District of Columbia",48,Japanese,337,+/-176,0.4,+/-0.2
610U800US11002,"Ward 2 (2022), District of Columbia",49,Korean,989,+/-245,1.2,+/-0.3
610U800US11002,"Ward 2 (2022), District of Columbia",50,Vietnamese,350,+/-174,0.4,+/-0.2
610U800US11002,"Ward 2 (2022), District of Columbia",51,Other Asian,843,+/-221,1.0,+/-0.3
610U800US11002,"Ward 2 (2022), District of Columbia",52,Native Hawaiian and Other Pacific Islander,91,+/-52,0.1,+/-0.1
610U800US11002,"Ward 2 (2022), District of Columbia",53,Native Hawaiian,8,+/-19,0.0,+/-0.1
610U800US11002,"Ward 2 (2022), District of Columbia",54,Chamorro,29,+/-44,0.0,+/-0.1
610U800US11002,"Ward 2 (2022), District of Columbia",55,Samoan,0,+/-33,0.0,+/-0.1
610U800US11002,"Ward 2 (2022), District of Columbia",56,Other Pacific Islander,54,+/-38,0.1,+/-0.1
610U800US11002,"Ward 2 (2022), District of Columbia",57,Some other race,"2,493",+/-740,3.0,+/-0.9
610U800US11002,"Ward 2 (2022), District of Columbia",58,Two or more races,"5,707","+/-1,084",6.8,+/-1.2
610U800US11002,"Ward 2 (2022), District of Columbia",59,White and Black or African American,690,+/-268,0.8,+/-0.3
610U800US11002,"Ward 2 (2022), District of Columbia",60,White and American Indian and Alaska Native,246,+/-123,0.3,+/-0.1
610U800US11002,"Ward 2 (2022), District of Columbia",61,White and Asian,"1,382",+/-360,1.6,+/-0.4
610U800US11002,"Ward 2 (2022), District of Columbia",62,Black or African American and American Indian and Alaska Native,13,+/-22,0.0,+/-0.1
610U800US11002,"Ward 2 (2022), District of Columbia",62.3,,,,,
610U800US11002,"Ward 2 (2022), District of Columbia",62.5,Race alone or in combination with one or more other races,,,,
610U800US11002,"Ward 2 (2022), District of Columbia",63,Total population,"83,925","+/-2,225","83,925",(X)
610U800US11002,"Ward 2 (2022), District of Columbia",64,White,"63,164","+/-2,160",75.3,+/-1.5
610U800US11002,"Ward 2 (2022), District of Columbia",65,Black or African American,"10,758",+/-985,12.8,+/-1.1
610U800US11002,"Ward 2 (2022), District of Columbia",66,American Indian and Alaska Native,969,+/-344,1.2,+/-0.4
610U800US11002,"Ward 2 (2022), District of Columbia",67,Asian,"9,478",+/-668,11.3,+/-0.8
610U800US11002,"Ward 2 (2022), District of Columbia",68,Native Hawaiian and Other Pacific Islander,222,+/-108,0.3,+/-0.1
610U800US11002,"Ward 2 (2022), District of Columbia",69,Some other race,"5,619","+/-1,110",6.7,+/-1.3
610U800US11002,"Ward 2 (2022), District of Columbia",69.3,,,,,
610U800US11002,"Ward 2 (2022), District of Columbia",69.5,HISPANIC OR LATINO AND RACE,,,,
610U800US11002,"Ward 2 (2022), District of Columbia",70,Total population,"83,925","+/-2,225","83,925",(X)
610U800US11002,"Ward 2 (2022), District of Columbia",71,Hispanic or Latino (of any race),"11,251","+/-1,083",13.4,+/-1.2
610U800US11002,"Ward 2 (2022), District of Columbia",72,Mexican,"2,220",+/-510,2.6,+/-0.6
610U800US11002,"Ward 2 (2022), District of Columbia",73,Puerto Rican,958,+/-273,1.1,+/-0.3
610U800US11002,"Ward 2 (2022), District of Columbia",74,Cuban,665,+/-230,0.8,+/-0.3
610U800US11002,"Ward 2 (2022), District of Columbia",75,Other Hispanic or Latino,"7,408",+/-951,8.8,+/-1.1
610U800US11002,"Ward 2 (2022), District of Columbia",76,Not Hispanic or Latino,"72,674","+/-2,113",86.6,+/-1.2
610U800US11002,"Ward 2 (2022), District of Columbia",77,White alone,"52,548","+/-1,899",62.6,+/-1.7
610U800US11002,"Ward 2 (2022), District of Columbia",78,Black or African American alone,"9,193",+/-829,11.0,+/-1.0
610U800US11002,"Ward 2 (2022), District of Columbia",79,American Indian and Alaska Native alone,85,+/-62,0.1,+/-0.1
610U800US11002,"Ward 2 (2022), District of Columbia",80,Asian alone,"7,598",+/-621,9.1,+/-0.7
610U800US11002,"Ward 2 (2022), District of Columbia",81,Native Hawaiian and Other Pacific Islander alone,91,+/-52,0.1,+/-0.1
610U800US11002,"Ward 2 (2022), District of Columbia",82,Some other race alone,174,+/-95,0.2,+/-0.1
610U800US11002,"Ward 2 (2022), District of Columbia",83,Two or more races,"2,985",+/-951,3.6,+/-1.1
610U800US11002,"Ward 2 (2022), District of Columbia",84,Two races including Some other race,973,+/-794,1.2,+/-0.9
610U800US11002,"Ward 2 (2022), District of Columbia",85,"Two races excluding Some other race, and Three or more races","2,012",+/-441,2.4,+/-0.5
610U800US11002,"Ward 2 (2022), District of Columbia",85.3,,,,,
610U800US11002,"Ward 2 (2022), District of Columbia",86,Total housing units,"50,324","+/-1,355",(X),(X)
610U800US11002,"Ward 2 (2022), District of Columbia",86.3,,,,,
610U800US11002,"Ward 2 (2022), District of Columbia",86.5,"CITIZEN, VOTING AGE POPULATION",,,,
610U800US11002,"Ward 2 (2022), District of Columbia",87,"Citizen, 18 and over population","69,707","+/-2,146","69,707",(X)
610U800US11002,"Ward 2 (2022), District of Columbia",88,Male,"34,477","+/-1,332",49.5,+/-1.2
610U800US11002,"Ward 2 (2022), District of Columbia",89,Female,"35,230","+/-1,351",50.5,+/-1.2
610U800US11003,"Ward 3 (2022), District of Columbia",0,ACS DEMOGRAPHIC AND HOUSING ESTIMATES,,,,
610U800US11003,"Ward 3 (2022), District of Columbia",0.5,,,,,
610U800US11003,"Ward 3 (2022), District of Columbia",0.8,SEX AND AGE,,,,
610U800US11003,"Ward 3 (2022), District of Columbia",1,Total population,"82,450","+/-2,587","82,450",(X)
610U800US11003,"Ward 3 (2022), District of Columbia",2,Male,"37,996","+/-1,357",46.1,+/-1.1
610U800US11003,"Ward 3 (2022), District of Columbia",3,Female,"44,454","+/-1,817",53.9,+/-1.1
610U800US11003,"Ward 3 (2022), District of Columbia",4,Sex ratio (males per 100 females),85.5,+/-3.9,(X),(X)
610U800US11003,"Ward 3 (2022), District of Columbia",4.3,,,,,
610U800US11003,"Ward 3 (2022), District of Columbia",5,Under 5 years,"4,085",+/-430,5.0,+/-0.5
610U800US11003,"Ward 3 (2022), District of Columbia",6,5 to 9 years,"4,293",+/-396,5.2,+/-0.4
610U800US11003,"Ward 3 (2022), District of Columbia",7,10 to 14 years,"3,281",+/-395,4.0,+/-0.5
610U800US11003,"Ward 3 (2022), District of Columbia",8,15 to 19 years,"5,203",+/-581,6.3,+/-0.7
610U800US11003,"Ward 3 (2022), District of Columbia",9,20 to 24 years,"5,328",+/-803,6.5,+/-0.9
610U800US11003,"Ward 3 (2022), District of Columbia",10,25 to 34 years,"14,681","+/-1,167",17.8,+/-1.2
610U800US11003,"Ward 3 (2022), District of Columbia",11,35 to 44 years,"11,903",+/-845,14.4,+/-0.9
610U800US11003,"Ward 3 (2022), District of Columbia",12,45 to 54 years,"10,122",+/-702,12.3,+/-0.8
610U800US11003,"Ward 3 (2022), District of Columbia",13,55 to 59 years,"4,192",+/-461,5.1,+/-0.6
610U800US11003,"Ward 3 (2022), District of Columbia",14,60 to 64 years,"3,923",+/-505,4.8,+/-0.6
610U800US11003,"Ward 3 (2022), District of Columbia",15,65 to 74 years,"7,980",+/-557,9.7,+/-0.6
610U800US11003,"Ward 3 (2022), District of Columbia",16,75 to 84 years,"5,322",+/-524,6.5,+/-0.6
610U800US11003,"Ward 3 (2022), District of Columbia",17,85 years and over,"2,137",+/-433,2.6,+/-0.5
610U800US11003,"Ward 3 (2022), District of Columbia",17.3,,,,,
610U800US11003,"Ward 3 (2022), District of Columbia",18,Median age (years),38.4,+/-0.6,(X),(X)
610U800US11003,"Ward 3 (2022), District of Columbia",18.3,,,,,
610U800US11003,"Ward 3 (2022), District of Columbia",19,Under 18 years,"13,305",+/-689,16.1,+/-0.8
610U800US11003,"Ward 3 (2022), District of Columbia",20,16 years and over,"70,274","+/-2,371",85.2,+/-0.7
610U800US11003,"Ward 3 (2022), District of Columbia",21,18 years and over,"69,145","+/-2,369",83.9,+/-0.8
610U800US11003,"Ward 3 (2022), District of Columbia",22,21 years and over,"64,312","+/-2,256",78.0,+/-1.0
610U800US11003,"Ward 3 (2022), District of Columbia",23,62 years and over,"17,904",+/-913,21.7,+/-1.0
610U800US11003,"Ward 3 (2022), District of Columbia",24,65 years and over,"15,439",+/-785,18.7,+/-0.8
610U800US11003,"Ward 3 (2022), District of Columbia",24.3,,,,,
610U800US11003,"Ward 3 (2022), District of Columbia",25,18 years and over,"69,145","+/-2,369","69,145",(X)
610U800US11003,"Ward 3 (2022), District of Columbia",26,Male,"31,240","+/-1,289",45.2,+/-1.2
610U800US11003,"Ward 3 (2022), District of Columbia",27,Female,"37,905","+/-1,618",54.8,+/-1.2
610U800US11003,"Ward 3 (2022), District of Columbia",28,Sex ratio (males per 100 females),82.4,+/-4.1,(X),(X)
610U800US11003,"Ward 3 (2022), District of Columbia",28.3,,,,,
610U800US11003,"Ward 3 (2022), District of Columbia",29,65 years and over,"15,439",+/-785,"15,439",(X)
610U800US11003,"Ward 3 (2022), District of Columbia",30,Male,"6,818",+/-489,44.2,+/-2.0
610U800US11003,"Ward 3 (2022), District of Columbia",31,Female,"8,621",+/-500,55.8,+/-2.0
610U800US11003,"Ward 3 (2022), District of Columbia",32,Sex ratio (males per 100 females),79.1,+/-6.3,(X),(X)
610U800US11003,"Ward 3 (2022), District of Columbia",32.3,,,,,
610U800US11003,"Ward 3 (2022), District of Columbia",32.5,RACE,,,,
610U800US11003,"Ward 3 (2022), District of Columbia",33,Total population,"82,450","+/-2,587","82,450",(X)
610U800US11003,"Ward 3 (2022), District of Columbia",34,One race,"77,017","+/-2,349",93.4,+/-0.9
610U800US11003,"Ward 3 (2022), District of Columbia",35,Two or more races,"5,433",+/-789,6.6,+/-0.9
610U800US11003,"Ward 3 (2022), District of Columbia",35.3,,,,,
610U800US11003,"Ward 3 (2022), District of Columbia",36,One race,"77,017","+/-2,349",93.4,+/-0.9
610U800US11003,"Ward 3 (2022), District of Columbia",37,White,"62,358","+/-1,878",75.6,+/-1.7
610U800US11003,"Ward 3 (2022), District of Columbia",38,Black or African American,"7,184","+/-1,050",8.7,+/-1.2
610U800US11003,"Ward 3 (2022), District of Columbia",39,American Indian and Alaska Native,92,+/-103,0.1,+/-0.1
610U800US11003,"Ward 3 (2022), District of Columbia",40,Cherokee tribal grouping,(X),(X),(X),(X)
610U800US11003,"Ward 3 (2022), District of Columbia",41,Chippewa tribal grouping,(X),(X),(X),(X)
610U800US11003,"Ward 3 (2022), District of Columbia",42,Navajo tribal grouping,(X),(X),(X),(X)
610U800US11003,"Ward 3 (2022), District of Columbia",43,Sioux tribal grouping,(X),(X),(X),(X)
610U800US11003,"Ward 3 (2022), District of Columbia",44,Asian,"5,935",+/-892,7.2,+/-1.0
610U800US11003,"Ward 3 (2022), District of Columbia",45,Asian Indian,"2,148",+/-494,2.6,+/-0.6
610U800US11003,"Ward 3 (2022), District of Columbia",46,Chinese,"1,140",+/-376,1.4,+/-0.4
610U800US11003,"Ward 3 (2022), District of Columbia",47,Filipino,710,+/-272,0.9,+/-0.3
610U800US11003,"Ward 3 (2022), District of Columbia",48,Japanese,205,+/-101,0.2,+/-0.1
610U800US11003,"Ward 3 (2022), District of Columbia",49,Korean,229,+/-117,0.3,+/-0.1
610U800US11003,"Ward 3 (2022), District of Columbia",50,Vietnamese,598,+/-406,0.7,+/-0.5
610U800US11003,"Ward 3 (2022), District of Columbia",51,Other Asian,905,+/-376,1.1,+/-0.5
610U800US11003,"Ward 3 (2022), District of Columbia",52,Native Hawaiian and Other Pacific Islander,60,+/-47,0.1,+/-0.1
610U800US11003,"Ward 3 (2022), District of Columbia",53,Native Hawaiian,37,+/-42,0.0,+/-0.1
610U800US11003,"Ward 3 (2022), District of Columbia",54,Chamorro,13,+/-22,0.0,+/-0.1
610U800US11003,"Ward 3 (2022), District of Columbia",55,Samoan,0,+/-33,0.0,+/-0.1
610U800US11003,"Ward 3 (2022), District of Columbia",56,Other Pacific Islander,10,+/-17,0.0,+/-0.1
610U800US11003,"Ward 3 (2022), District of Columbia",57,Some other race,"1,388",+/-457,1.7,+/-0.6
610U800US11003,"Ward 3 (2022), District of Columbia",58,Two or more races,"5,433",+/-789,6.6,+/-0.9
610U800US11003,"Ward 3 (2022), District of Columbia",59,White and Black or African American,980,+/-300,1.2,+/-0.4
610U800US11003,"Ward 3 (2022), District of Columbia",60,White and American Indian and Alaska Native,131,+/-67,0.2,+/-0.1
610U800US11003,"Ward 3 (2022), District of Columbia",61,White and Asian,"1,517",+/-403,1.8,+/-0.5
610U800US11003,"Ward 3 (2022), District of Columbia",62,Black or African American and American Indian and Alaska Native,68,+/-74,0.1,+/-0.1
610U800US11003,"Ward 3 (2022), District of Columbia",62.3,,,,,
610U800US11003,"Ward 3 (2022), District of Columbia",62.5,Race alone or in combination with one or more other races,,,,
610U800US11003,"Ward 3 (2022), District of Columbia",63,Total population,"82,450","+/-2,587","82,450",(X)
610U800US11003,"Ward 3 (2022), District of Columbia",64,White,"67,494","+/-2,066",81.9,+/-1.5
610U800US11003,"Ward 3 (2022), District of Columbia",65,Black or African American,"8,692","+/-1,147",10.5,+/-1.3
610U800US11003,"Ward 3 (2022), District of Columbia",66,American Indian and Alaska Native,538,+/-309,0.7,+/-0.4
610U800US11003,"Ward 3 (2022), District of Columbia",67,Asian,"7,741","+/-1,076",9.4,+/-1.2
610U800US11003,"Ward 3 (2022), District of Columbia",68,Native Hawaiian and Other Pacific Islander,83,+/-53,0.1,+/-0.1
610U800US11003,"Ward 3 (2022), District of Columbia",69,Some other race,"3,937",+/-750,4.8,+/-0.9
610U800US11003,"Ward 3 (2022), District of Columbia",69.3,,,,,
610U800US11003,"Ward 3 (2022), District of Columbia",69.5,HISPANIC OR LATINO AND RACE,,,,
610U800US11003,"Ward 3 (2022), District of Columbia",70,Total population,"82,450","+/-2,587","82,450",(X)
610U800US11003,"Ward 3 (2022), District of Columbia",71,Hispanic or Latino (of any race),"8,216",+/-881,10.0,+/-1.1
610U800US11003,"Ward 3 (2022), District of Columbia",72,Mexican,"1,288",+/-364,1.6,+/-0.4
610U800US11003,"Ward 3 (2022), District of Columbia",73,Puerto Rican,788,+/-250,1.0,+/-0.3
610U800US11003,"Ward 3 (2022), District of Columbia",74,Cuban,693,+/-350,0.8,+/-0.4
610U800US11003,"Ward 3 (2022), District of Columbia",75,Other Hispanic or Latino,"5,447",+/-795,6.6,+/-1.0
610U800US11003,"Ward 3 (2022), District of Columbia",76,Not Hispanic or Latino,"74,234","+/-2,590",90.0,+/-1.1
610U800US11003,"Ward 3 (2022), District of Columbia",77,White alone,"58,064","+/-1,984",70.4,+/-1.8
610U800US11003,"Ward 3 (2022), District of Columbia",78,Black or African American alone,"6,853","+/-1,037",8.3,+/-1.2
610U800US11003,"Ward 3 (2022), District of Columbia",79,American Indian and Alaska Native alone,26,+/-38,0.0,+/-0.1
610U800US11003,"Ward 3 (2022), District of Columbia",80,Asian alone,"5,841",+/-869,7.1,+/-1.0
610U800US11003,"Ward 3 (2022), District of Columbia",81,Native Hawaiian and Other Pacific Islander alone,36,+/-37,0.0,+/-0.1
610U800US11003,"Ward 3 (2022), District of Columbia",82,Some other race alone,411,+/-225,0.5,+/-0.3
610U800US11003,"Ward 3 (2022), District of Columbia",83,Two or more races,"3,003",+/-523,3.6,+/-0.6
610U800US11003,"Ward 3 (2022), District of Columbia",84,Two races including Some other race,347,+/-177,0.4,+/-0.2
610U800US11003,"Ward 3 (2022), District of Columbia",85,"Two races excluding Some other race, and Three or more races","2,656",+/-487,3.2,+/-0.6
610U800US11003,"Ward 3 (2022), District of Columbia",85.3,,,,,
610U800US11003,"Ward 3 (2022), District of Columbia",86,Total housing units,"42,476","+/-1,185",(X),(X)
610U800US11003,"Ward 3 (2022), District of Columbia",86.3,,,,,
610U800US11003,"Ward 3 (2022), District of Columbia",86.5,"CITIZEN, VOTING AGE POPULATION",,,,
610U800US11003,"Ward 3 (2022), District of Columbia",87,"Citizen, 18 and over population","62,064","+/-2,157","62,064",(X)
610U800US11003,"Ward 3 (2022), District of Columbia",88,Male,"28,229","+/-1,175",45.5,+/-1.3
610U800US11003,"Ward 3 (2022), District of Columbia",89,Female,"33,835","+/-1,534",54.5,+/-1.3
610U800US11004,"Ward 4 (2022), District of Columbia",0,ACS DEMOGRAPHIC AND HOUSING ESTIMATES,,,,
610U800US11004,"Ward 4 (2022), District of Columbia",0.5,,,,,
610U800US11004,"Ward 4 (2022), District of Columbia",0.8,SEX AND AGE,,,,
610U800US11004,"Ward 4 (2022), District of Columbia",1,Total population,"86,085","+/-2,897","86,085",(X)
610U800US11004,"Ward 4 (2022), District of Columbia",2,Male,"41,989","+/-1,536",48.8,+/-1.0
610U800US11004,"Ward 4 (2022), District of Columbia",3,Female,"44,096","+/-1,858",51.2,+/-1.0
610U800US11004,"Ward 4 (2022), District of Columbia",4,Sex ratio (males per 100 females),95.2,+/-4.0,(X),(X)
610U800US11004,"Ward 4 (2022), District of Columbia",4.3,,,,,
610U800US11004,"Ward 4 (2022), District of Columbia",5,Under 5 years,"5,654",+/-659,6.6,+/-0.7
610U800US11004,"Ward 4 (2022), District of Columbia",6,5 to 9 years,"6,329",+/-860,7.4,+/-0.9
610U800US11004,"Ward 4 (2022), District of Columbia",7,10 to 14 years,"5,129",+/-631,6.0,+/-0.7
610U800US11004,"Ward 4 (2022), District of Columbia",8,15 to 19 years,"3,368",+/-475,3.9,+/-0.5
610U800US11004,"Ward 4 (2022), District of Columbia",9,20 to 24 years,"3,474",+/-568,4.0,+/-0.6
610U800US11004,"Ward 4 (2022), District of Columbia",10,25 to 34 years,"13,220","+/-1,029",15.4,+/-1.1
610U800US11004,"Ward 4 (2022), District of Columbia",11,35 to 44 years,"14,759",+/-961,17.1,+/-1.0
610U800US11004,"Ward 4 (2022), District of Columbia",12,45 to 54 years,"11,117",+/-827,12.9,+/-0.9
610U800US11004,"Ward 4 (2022), District of Columbia",13,55 to 59 years,"5,448",+/-603,6.3,+/-0.7
610U800US11004,"Ward 4 (2022), District of Columbia",14,60 to 64 years,"4,813",+/-594,5.6,+/-0.6
610U800US11004,"Ward 4 (2022), District of Columbia",15,65 to 74 years,"7,706",+/-874,9.0,+/-1.0
610U800US11004,"Ward 4 (2022), District of Columbia",16,75 to 84 years,"3,292",+/-370,3.8,+/-0.4
610U800US11004,"Ward 4 (2022), District of Columbia",17,85 years and over,"1,776",+/-317,2.1,+/-0.4
610U800US11004,"Ward 4 (2022), District of Columbia",17.3,,,,,
610U800US11004,"Ward 4 (2022), District of Columbia",18,Median age (years),39.0,+/-0.8,(X),(X)
610U800US11004,"Ward 4 (2022), District of Columbia",18.3,,,,,
610U800US11004,"Ward 4 (2022), District of Columbia",19,Under 18 years,"19,523","+/-1,370",22.7,+/-1.2
610U800US11004,"Ward 4 (2022), District of Columbia",20,16 years and over,"68,236","+/-2,151",79.3,+/-1.2
610U800US11004,"Ward 4 (2022), District of Columbia",21,18 years and over,"66,562","+/-2,128",77.3,+/-1.2
610U800US11004,"Ward 4 (2022), District of Columbia",22,21 years and over,"64,886","+/-2,133",75.4,+/-1.2
610U800US11004,"Ward 4 (2022), District of Columbia",23,62 years and over,"15,700","+/-1,123",18.2,+/-1.2
610U800US11004,"Ward 4 (2022), District of Columbia",24,65 years and over,"12,774",+/-884,14.8,+/-1.0
610U800US11004,"Ward 4 (2022), District of Columbia",24.3,,,,,
610U800US11004,"Ward 4 (2022), District of Columbia",25,18 years and over,"66,562","+/-2,128","66,562",(X)
610U800US11004,"Ward 4 (2022), District of Columbia",26,Male,"31,677","+/-1,127",47.6,+/-1.1
610U800US11004,"Ward 4 (2022), District of Columbia",27,Female,"34,885","+/-1,448",52.4,+/-1.1
610U800US11004,"Ward 4 (2022), District of Columbia",28,Sex ratio (males per 100 females),90.8,+/-4.0,(X),(X)
610U800US11004,"Ward 4 (2022), District of Columbia",28.3,,,,,
610U800US11004,"Ward 4 (2022), District of Columbia",29,65 years and over,"12,774",+/-884,"12,774",(X)
610U800US11004,"Ward 4 (2022), District of Columbia",30,Male,"5,267",+/-486,41.2,+/-2.5
610U800US11004,"Ward 4 (2022), District of Columbia",31,Female,"7,507",+/-617,58.8,+/-2.5
610U800US11004,"Ward 4 (2022), District of Columbia",32,Sex ratio (males per 100 females),70.2,+/-7.4,(X),(X)
610U800US11004,"Ward 4 (2022), District of Columbia",32.3,,,,,
610U800US11004,"Ward 4 (2022), District of Columbia",32.5,RACE,,,,
610U800US11004,"Ward 4 (2022), District of Columbia",33,Total population,"86,085","+/-2,897","86,085",(X)
610U800US11004,"Ward 4 (2022), District of Columbia",34,One race,"80,071","+/-2,751",93.0,+/-1.2
610U800US11004,"Ward 4 (2022), District of Columbia",35,Two or more races,"6,014","+/-1,056",7.0,+/-1.2
610U800US11004,"Ward 4 (2022), District of Columbia",35.3,,,,,
610U800US11004,"Ward 4 (2022), District of Columbia",36,One race,"80,071","+/-2,751",93.0,+/-1.2
610U800US11004,"Ward 4 (2022), District of Columbia",37,White,"25,169","+/-1,658",29.2,+/-2.0
610U800US11004,"Ward 4 (2022), District of Columbia",38,Black or African American,"41,998","+/-2,357",48.8,+/-2.1
610U800US11004,"Ward 4 (2022), District of Columbia",39,American Indian and Alaska Native,243,+/-215,0.3,+/-0.2
610U800US11004,"Ward 4 (2022), District of Columbia",40,Cherokee tribal grouping,(X),(X),(X),(X)
610U800US11004,"Ward 4 (2022), District of Columbia",41,Chippewa tribal grouping,(X),(X),(X),(X)
610U800US11004,"Ward 4 (2022), District of Columbia",42,Navajo tribal grouping,(X),(X),(X),(X)
610U800US11004,"Ward 4 (2022), District of Columbia",43,Sioux tribal grouping,(X),(X),(X),(X)
610U800US11004,"Ward 4 (2022), District of Columbia",44,Asian,"1,536",+/-316,1.8,+/-0.4
610U800US11004,"Ward 4 (2022), District of Columbia",45,Asian Indian,516,+/-260,0.6,+/-0.3
610U800US11004,"Ward 4 (2022), District of Columbia",46,Chinese,223,+/-95,0.3,+/-0.1
610U800US11004,"Ward 4 (2022), District of Columbia",47,Filipino,147,+/-81,0.2,+/-0.1
610U800US11004,"Ward 4 (2022), District of Columbia",48,Japanese,47,+/-34,0.1,+/-0.1
610U800US11004,"Ward 4 (2022), District of Columbia",49,Korean,146,+/-73,0.2,+/-0.1
610U800US11004,"Ward 4 (2022), District of Columbia",50,Vietnamese,202,+/-124,0.2,+/-0.1
610U800US11004,"Ward 4 (2022), District of Columbia",51,Other Asian,255,+/-106,0.3,+/-0.1
610U800US11004,"Ward 4 (2022), District of Columbia",52,Native Hawaiian and Other Pacific Islander,0,+/-33,0.0,+/-0.1
610U800US11004,"Ward 4 (2022), District of Columbia",53,Native Hawaiian,0,+/-33,0.0,+/-0.1
610U800US11004,"Ward 4 (2022), District of Columbia",54,Chamorro,0,+/-33,0.0,+/-0.1
610U800US11004,"Ward 4 (2022), District of Columbia",55,Samoan,0,+/-33,0.0,+/-0.1
610U800US11004,"Ward 4 (2022), District of Columbia",56,Other Pacific Islander,0,+/-33,0.0,+/-0.1
610U800US11004,"Ward 4 (2022), District of Columbia",57,Some other race,"11,125","+/-1,612",12.9,+/-1.7
610U800US11004,"Ward 4 (2022), District of Columbia",58,Two or more races,"6,014","+/-1,056",7.0,+/-1.2
610U800US11004,"Ward 4 (2022), District of Columbia",59,White and Black or African American,"1,165",+/-343,1.4,+/-0.4
610U800US11004,"Ward 4 (2022), District of Columbia",60,White and American Indian and Alaska Native,179,+/-111,0.2,+/-0.1
610U800US11004,"Ward 4 (2022), District of Columbia",61,White and Asian,447,+/-145,0.5,+/-0.2
610U800US11004,"Ward 4 (2022), District of Columbia",62,Black or African American and American Indian and Alaska Native,340,+/-176,0.4,+/-0.2
610U800US11004,"Ward 4 (2022), District of Columbia",62.3,,,,,
610U800US11004,"Ward 4 (2022), District of Columbia",62.5,Race alone or in combination with one or more other races,,,,
610U800US11004,"Ward 4 (2022), District of Columbia",63,Total population,"86,085","+/-2,897","86,085",(X)
610U800US11004,"Ward 4 (2022), District of Columbia",64,White,"29,685","+/-1,926",34.5,+/-2.1
610U800US11004,"Ward 4 (2022), District of Columbia",65,Black or African American,"45,158","+/-2,340",52.5,+/-2.0
610U800US11004,"Ward 4 (2022), District of Columbia",66,American Indian and Alaska Native,"1,609",+/-595,1.9,+/-0.7
610U800US11004,"Ward 4 (2022), District of Columbia",67,Asian,"2,780",+/-486,3.2,+/-0.6
610U800US11004,"Ward 4 (2022), District of Columbia",68,Native Hawaiian and Other Pacific Islander,237,+/-212,0.3,+/-0.2
610U800US11004,"Ward 4 (2022), District of Columbia",69,Some other race,"14,080","+/-1,879",16.4,+/-2.0
610U800US11004,"Ward 4 (2022), District of Columbia",69.3,,,,,
610U800US11004,"Ward 4 (2022), District of Columbia",69.5,HISPANIC OR LATINO AND RACE,,,,
610U800US11004,"Ward 4 (2022), District of Columbia",70,Total population,"86,085","+/-2,897","86,085",(X)
610U800US11004,"Ward 4 (2022), District of Columbia",71,Hispanic or Latino (of any race),"18,628","+/-1,862",21.6,+/-2.0
610U800US11004,"Ward 4 (2022), District of Columbia",72,Mexican,"1,860",+/-751,2.2,+/-0.9
610U800US11004,"Ward 4 (2022), District of Columbia",73,Puerto Rican,651,+/-353,0.8,+/-0.4
610U800US11004,"Ward 4 (2022), District of Columbia",74,Cuban,441,+/-272,0.5,+/-0.3
610U800US11004,"Ward 4 (2022), District of Columbia",75,Other Hispanic or Latino,"15,676","+/-1,637",18.2,+/-1.8
610U800US11004,"Ward 4 (2022), District of Columbia",76,Not Hispanic or Latino,"67,457","+/-2,770",78.4,+/-2.0
610U800US11004,"Ward 4 (2022), District of Columbia",77,White alone,"21,216","+/-1,417",24.6,+/-1.6
610U800US11004,"Ward 4 (2022), District of Columbia",78,Black or African American alone,"41,098","+/-2,370",47.7,+/-2.2
610U800US11004,"Ward 4 (2022), District of Columbia",79,American Indian and Alaska Native alone,94,+/-59,0.1,+/-0.1
610U800US11004,"Ward 4 (2022), District of Columbia",80,Asian alone,"1,536",+/-316,1.8,+/-0.4
610U800US11004,"Ward 4 (2022), District of Columbia",81,Native Hawaiian and Other Pacific Islander alone,0,+/-33,0.0,+/-0.1
610U800US11004,"Ward 4 (2022), District of Columbia",82,Some other race alone,463,+/-289,0.5,+/-0.3
610U800US11004,"Ward 4 (2022), District of Columbia",83,Two or more races,"3,050",+/-576,3.5,+/-0.6
610U800US11004,"Ward 4 (2022), District of Columbia",84,Two races including Some other race,441,+/-314,0.5,+/-0.4
610U800US11004,"Ward 4 (2022), District of Columbia",85,"Two races excluding Some other race, and Three or more races","2,609",+/-500,3.0,+/-0.6
610U800US11004,"Ward 4 (2022), District of Columbia",85.3,,,,,
610U800US11004,"Ward 4 (2022), District of Columbia",86,Total housing units,"36,284","+/-1,238",(X),(X)
610U800US11004,"Ward 4 (2022), District of Columbia",86.3,,,,,
610U800US11004,"Ward 4 (2022), District of Columbia",86.5,"CITIZEN, VOTING AGE POPULATION",,,,
610U800US11004,"Ward 4 (2022), District of Columbia",87,"Citizen, 18 and over population","57,069","+/-2,054","57,069",(X)
610U800US11004,"Ward 4 (2022), District of Columbia",88,Male,"26,590","+/-1,147",46.6,+/-1.2
610U800US11004,"Ward 4 (2022), District of Columbia",89,Female,"30,479","+/-1,350",53.4,+/-1.2
610U800US11005,"Ward 5 (2022), District of Columbia",0,ACS DEMOGRAPHIC AND HOUSING ESTIMATES,,,,
610U800US11005,"Ward 5 (2022), District of Columbia",0.5,,,,,
610U800US11005,"Ward 5 (2022), District of Columbia",0.8,SEX AND AGE,,,,
610U800US11005,"Ward 5 (2022), District of Columbia",1,Total population,"89,082","+/-2,649","89,082",(X)
610U800US11005,"Ward 5 (2022), District of Columbia",2,Male,"42,795","+/-1,739",48.0,+/-1.3
610U800US11005,"Ward 5 (2022), District of Columbia",3,Female,"46,287","+/-1,736",52.0,+/-1.3
610U800US11005,"Ward 5 (2022), District of Columbia",4,Sex ratio (males per 100 females),92.5,+/-4.7,(X),(X)
610U800US11005,"Ward 5 (2022), District of Columbia",4.3,,,,,
610U800US11005,"Ward 5 (2022), District of Columbia",5,Under 5 years,"5,783",+/-767,6.5,+/-0.8
610U800US11005,"Ward 5 (2022), District of Columbia",6,5 to 9 years,"4,841",+/-698,5.4,+/-0.7
610U800US11005,"Ward 5 (2022), District of Columbia",7,10 to 14 years,"4,250",+/-505,4.8,+/-0.5
610U800US11005,"Ward 5 (2022), District of Columbia",8,15 to 19 years,"4,289",+/-613,4.8,+/-0.7
610U800US11005,"Ward 5 (2022), District of Columbia",9,20 to 24 years,"6,126",+/-741,6.9,+/-0.8
610U800US11005,"Ward 5 (2022), District of Columbia",10,25 to 34 years,"18,785","+/-1,080",21.1,+/-1.2
610U800US11005,"Ward 5 (2022), District of Columbia",11,35 to 44 years,"14,205","+/-1,208",15.9,+/-1.2
610U800US11005,"Ward 5 (2022), District of Columbia",12,45 to 54 years,"10,408",+/-847,11.7,+/-0.9
610U800US11005,"Ward 5 (2022), District of Columbia",13,55 to 59 years,"4,311",+/-545,4.8,+/-0.6
610U800US11005,"Ward 5 (2022), District of Columbia",14,60 to 64 years,"4,596",+/-704,5.2,+/-0.8
610U800US11005,"Ward 5 (2022), District of Columbia",15,65 to 74 years,"6,420",+/-580,7.2,+/-0.6
610U800US11005,"Ward 5 (2022), District of Columbia",16,75 to 84 years,"3,330",+/-464,3.7,+/-0.5
610U800US11005,"Ward 5 (2022), District of Columbia",17,85 years and over,"1,738",+/-282,2.0,+/-0.3
610U800US11005,"Ward 5 (2022), District of Columbia",17.3,,,,,
610U800US11005,"Ward 5 (2022), District of Columbia",18,Median age (years),35.2,+/-0.7,(X),(X)
610U800US11005,"Ward 5 (2022), District of Columbia",18.3,,,,,
610U800US11005,"Ward 5 (2022), District of Columbia",19,Under 18 years,"16,637","+/-1,409",18.7,+/-1.3
610U800US11005,"Ward 5 (2022), District of Columbia",20,16 years and over,"73,628","+/-2,175",82.7,+/-1.3
610U800US11005,"Ward 5 (2022), District of Columbia",21,18 years and over,"72,445","+/-2,090",81.3,+/-1.3
610U800US11005,"Ward 5 (2022), District of Columbia",22,21 years and over,"68,795","+/-2,068",77.2,+/-1.4
610U800US11005,"Ward 5 (2022), District of Columbia",23,62 years and over,"14,527",+/-930,16.3,+/-1.1
610U800US11005,"Ward 5 (2022), District of Columbia",24,65 years and over,"11,488",+/-741,12.9,+/-0.9
610U800US11005,"Ward 5 (2022), District of Columbia",24.3,,,,,
610U800US11005,"Ward 5 (2022), District of Columbia",25,18 years and over,"72,445","+/-2,090","72,445",(X)
610U800US11005,"Ward 5 (2022), District of Columbia",26,Male,"34,620","+/-1,570",47.8,+/-1.4
610U800US11005,"Ward 5 (2022), District of Columbia",27,Female,"37,825","+/-1,269",52.2,+/-1.4
610U800US11005,"Ward 5 (2022), District of Columbia",28,Sex ratio (males per 100 females),91.5,+/-5.0,(X),(X)
610U800US11005,"Ward 5 (2022), District of Columbia",28.3,,,,,
610U800US11005,"Ward 5 (2022), District of Columbia",29,65 years and over,"11,488",+/-741,"11,488",(X)
610U800US11005,"Ward 5 (2022), District of Columbia",30,Male,"4,272",+/-442,37.2,+/-3.0
610U800US11005,"Ward 5 (2022), District of Columbia",31,Female,"7,216",+/-576,62.8,+/-3.0
610U800US11005,"Ward 5 (2022), District of Columbia",32,Sex ratio (males per 100 females),59.2,+/-7.7,(X),(X)
610U800US11005,"Ward 5 (2022), District of Columbia",32.3,,,,,
610U800US11005,"Ward 5 (2022), District of Columbia",32.5,RACE,,,,
610U800US11005,"Ward 5 (2022), District of Columbia",33,Total population,"89,082","+/-2,649","89,082",(X)
610U800US11005,"Ward 5 (2022), District of Columbia",34,One race,"84,742","+/-2,654",95.1,+/-0.7
610U800US11005,"Ward 5 (2022), District of Columbia",35,Two or more races,"4,340",+/-667,4.9,+/-0.7
610U800US11005,"Ward 5 (2022), District of Columbia",35.3,,,,,
610U800US11005,"Ward 5 (2022), District of Columbia",36,One race,"84,742","+/-2,654",95.1,+/-0.7
610U800US11005,"Ward 5 (2022), District of Columbia",37,White,"22,839","+/-1,358",25.6,+/-1.6
610U800US11005,"Ward 5 (2022), District of Columbia",38,Black or African American,"54,807","+/-2,635",61.5,+/-1.7
610U800US11005,"Ward 5 (2022), District of Columbia",39,American Indian and Alaska Native,255,+/-119,0.3,+/-0.1
610U800US11005,"Ward 5 (2022), District of Columbia",40,Cherokee tribal grouping,(X),(X),(X),(X)
610U800US11005,"Ward 5 (2022), District of Columbia",41,Chippewa tribal grouping,(X),(X),(X),(X)
610U800US11005,"Ward 5 (2022), District of Columbia",42,Navajo tribal grouping,(X),(X),(X),(X)
610U800US11005,"Ward 5 (2022), District of Columbia",43,Sioux tribal grouping,(X),(X),(X),(X)
610U800US11005,"Ward 5 (2022), District of Columbia",44,Asian,"2,614",+/-515,2.9,+/-0.6
610U800US11005,"Ward 5 (2022), District of Columbia",45,Asian Indian,592,+/-189,0.7,+/-0.2
610U800US11005,"Ward 5 (2022), District of Columbia",46,Chinese,521,+/-178,0.6,+/-0.2
610U800US11005,"Ward 5 (2022), District of Columbia",47,Filipino,527,+/-245,0.6,+/-0.3
610U800US11005,"Ward 5 (2022), District of Columbia",48,Japanese,29,+/-33,0.0,+/-0.1
610U800US11005,"Ward 5 (2022), District of Columbia",49,Korean,343,+/-263,0.4,+/-0.3
610U800US11005,"Ward 5 (2022), District of Columbia",50,Vietnamese,305,+/-171,0.3,+/-0.2
610U800US11005,"Ward 5 (2022), District of Columbia",51,Other Asian,297,+/-194,0.3,+/-0.2
610U800US11005,"Ward 5 (2022), District of Columbia",52,Native Hawaiian and Other Pacific Islander,99,+/-67,0.1,+/-0.1
610U800US11005,"Ward 5 (2022), District of Columbia",53,Native Hawaiian,95,+/-66,0.1,+/-0.1
610U800US11005,"Ward 5 (2022), District of Columbia",54,Chamorro,4,+/-6,0.0,+/-0.1
610U800US11005,"Ward 5 (2022), District of Columbia",55,Samoan,0,+/-33,0.0,+/-0.1
610U800US11005,"Ward 5 (2022), District of Columbia",56,Other Pacific Islander,0,+/-33,0.0,+/-0.1
610U800US11005,"Ward 5 (2022), District of Columbia",57,Some other race,"4,128",+/-889,4.6,+/-1.0
610U800US11005,"Ward 5 (2022), District of Columbia",58,Two or more races,"4,340",+/-667,4.9,+/-0.7
610U800US11005,"Ward 5 (2022), District of Columbia",59,White and Black or African American,"1,459",+/-518,1.6,+/-0.6
610U800US11005,"Ward 5 (2022), District of Columbia",60,White and American Indian and Alaska Native,162,+/-90,0.2,+/-0.1
610U800US11005,"Ward 5 (2022), District of Columbia",61,White and Asian,624,+/-188,0.7,+/-0.2
610U800US11005,"Ward 5 (2022), District of Columbia",62,Black or African American and American Indian and Alaska Native,123,+/-70,0.1,+/-0.1
610U800US11005,"Ward 5 (2022), District of Columbia",62.3,,,,,
610U800US11005,"Ward 5 (2022), District of Columbia",62.5,Race alone or in combination with one or more other races,,,,
610U800US11005,"Ward 5 (2022), District of Columbia",63,Total population,"89,082","+/-2,649","89,082",(X)
610U800US11005,"Ward 5 (2022), District of Columbia",64,White,"26,324","+/-1,480",29.6,+/-1.7
610U800US11005,"Ward 5 (2022), District of Columbia",65,Black or African American,"57,527","+/-2,596",64.6,+/-1.6
610U800US11005,"Ward 5 (2022), District of Columbia",66,American Indian and Alaska Native,942,+/-286,1.1,+/-0.3
610U800US11005,"Ward 5 (2022), District of Columbia",67,Asian,"3,810",+/-614,4.3,+/-0.7
610U800US11005,"Ward 5 (2022), District of Columbia",68,Native Hawaiian and Other Pacific Islander,318,+/-214,0.4,+/-0.2
610U800US11005,"Ward 5 (2022), District of Columbia",69,Some other race,"5,326",+/-941,6.0,+/-1.1
610U800US11005,"Ward 5 (2022), District of Columbia",69.3,,,,,
610U800US11005,"Ward 5 (2022), District of Columbia",69.5,HISPANIC OR LATINO AND RACE,,,,
610U800US11005,"Ward 5 (2022), District of Columbia",70,Total population,"89,082","+/-2,649","89,082",(X)
610U800US11005,"Ward 5 (2022), District of Columbia",71,Hispanic or Latino (of any race),"8,265","+/-1,109",9.3,+/-1.2
610U800US11005,"Ward 5 (2022), District of Columbia",72,Mexican,"1,876",+/-544,2.1,+/-0.6
610U800US11005,"Ward 5 (2022), District of Columbia",73,Puerto Rican,666,+/-225,0.7,+/-0.3
610U800US11005,"Ward 5 (2022), District of Columbia",74,Cuban,183,+/-95,0.2,+/-0.1
610U800US11005,"Ward 5 (2022), District of Columbia",75,Other Hispanic or Latino,"5,540",+/-970,6.2,+/-1.1
610U800US11005,"Ward 5 (2022), District of Columbia",76,Not Hispanic or Latino,"80,817","+/-2,647",90.7,+/-1.2
610U800US11005,"Ward 5 (2022), District of Columbia",77,White alone,"20,645","+/-1,309",23.2,+/-1.6
610U800US11005,"Ward 5 (2022), District of Columbia",78,Black or African American alone,"54,053","+/-2,587",60.7,+/-1.7
610U800US11005,"Ward 5 (2022), District of Columbia",79,American Indian and Alaska Native alone,190,+/-106,0.2,+/-0.1
610U800US11005,"Ward 5 (2022), District of Columbia",80,Asian alone,"2,579",+/-509,2.9,+/-0.6
610U800US11005,"Ward 5 (2022), District of Columbia",81,Native Hawaiian and Other Pacific Islander alone,95,+/-66,0.1,+/-0.1
610U800US11005,"Ward 5 (2022), District of Columbia",82,Some other race alone,339,+/-199,0.4,+/-0.2
610U800US11005,"Ward 5 (2022), District of Columbia",83,Two or more races,"2,916",+/-513,3.3,+/-0.6
610U800US11005,"Ward 5 (2022), District of Columbia",84,Two races including Some other race,199,+/-121,0.2,+/-0.1
610U800US11005,"Ward 5 (2022), District of Columbia",85,"Two races excluding Some other race, and Three or more races","2,717",+/-529,3.0,+/-0.6
610U800US11005,"Ward 5 (2022), District of Columbia",85.3,,,,,
610U800US11005,"Ward 5 (2022), District of Columbia",86,Total housing units,"42,066","+/-1,324",(X),(X)
610U800US11005,"Ward 5 (2022), District of Columbia",86.3,,,,,
610U800US11005,"Ward 5 (2022), District of Columbia",86.5,"CITIZEN, VOTING AGE POPULATION",,,,
610U800US11005,"Ward 5 (2022), District of Columbia",87,"Citizen, 18 and over population","67,939","+/-2,193","67,939",(X)
610U800US11005,"Ward 5 (2022), District of Columbia",88,Male,"32,150","+/-1,572",47.3,+/-1.4
610U800US11005,"Ward 5 (2022), District of Columbia",89,Female,"35,789","+/-1,308",52.7,+/-1.4
610U800US11006,"Ward 6 (2022), District of Columbia",0,ACS DEMOGRAPHIC AND HOUSING ESTIMATES,,,,
610U800US11006,"Ward 6 (2022), District of Columbia",0.5,,,,,
610U800US11006,"Ward 6 (2022), District of Columbia",0.8,SEX AND AGE,,,,
610U800US11006,"Ward 6 (2022), District of Columbia",1,Total population,"79,161","+/-2,194","79,161",(X)
610U800US11006,"Ward 6 (2022), District of Columbia",2,Male,"38,599","+/-1,502",48.8,+/-1.3
610U800US11006,"Ward 6 (2022), District of Columbia",3,Female,"40,562","+/-1,521",51.2,+/-1.3
610U800US11006,"Ward 6 (2022), District of Columbia",4,Sex ratio (males per 100 females),95.2,+/-5.0,(X),(X)
610U800US11006,"Ward 6 (2022), District of Columbia",4.3,,,,,
610U800US11006,"Ward 6 (2022), District of Columbia",5,Under 5 years,"4,216",+/-497,5.3,+/-0.6
610U800US11006,"Ward 6 (2022), District of Columbia",6,5 to 9 years,"2,487",+/-382,3.1,+/-0.5
610U800US11006,"Ward 6 (2022), District of Columbia",7,10 to 14 years,"2,163",+/-428,2.7,+/-0.5
610U800US11006,"Ward 6 (2022), District of Columbia",8,15 to 19 years,"2,300",+/-552,2.9,+/-0.7
610U800US11006,"Ward 6 (2022), District of Columbia",9,20 to 24 years,"4,955",+/-567,6.3,+/-0.7
610U800US11006,"Ward 6 (2022), District of Columbia",10,25 to 34 years,"25,640","+/-1,168",32.4,+/-1.3
610U800US11006,"Ward 6 (2022), District of Columbia",11,35 to 44 years,"14,534",+/-948,18.4,+/-1.1
610U800US11006,"Ward 6 (2022), District of Columbia",12,45 to 54 years,"8,583",+/-846,10.8,+/-1.1
610U800US11006,"Ward 6 (2022), District of Columbia",13,55 to 59 years,"3,599",+/-551,4.5,+/-0.7
610U800US11006,"Ward 6 (2022), District of Columbia",14,60 to 64 years,"2,957",+/-420,3.7,+/-0.5
610U800US11006,"Ward 6 (2022), District of Columbia",15,65 to 74 years,"4,688",+/-444,5.9,+/-0.6
610U800US11006,"Ward 6 (2022), District of Columbia",16,75 to 84 years,"2,236",+/-377,2.8,+/-0.5
610U800US11006,"Ward 6 (2022), District of Columbia",17,85 years and over,803,+/-231,1.0,+/-0.3
610U800US11006,"Ward 6 (2022), District of Columbia",17.3,,,,,
610U800US11006,"Ward 6 (2022), District of Columbia",18,Median age (years),34.0,+/-0.5,(X),(X)
610U800US11006,"Ward 6 (2022), District of Columbia",18.3,,,,,
610U800US11006,"Ward 6 (2022), District of Columbia",19,Under 18 years,"10,113",+/-865,12.8,+/-0.9
610U800US11006,"Ward 6 (2022), District of Columbia",20,16 years and over,"70,025","+/-1,858",88.5,+/-0.9
610U800US11006,"Ward 6 (2022), District of Columbia",21,18 years and over,"69,048","+/-1,769",87.2,+/-0.9
610U800US11006,"Ward 6 (2022), District of Columbia",22,21 years and over,"67,373","+/-1,599",85.1,+/-1.1
610U800US11006,"Ward 6 (2022), District of Columbia",23,62 years and over,"9,432",+/-616,11.9,+/-0.8
610U800US11006,"Ward 6 (2022), District of Columbia",24,65 years and over,"7,727",+/-569,9.8,+/-0.7
610U800US11006,"Ward 6 (2022), District of Columbia",24.3,,,,,
610U800US11006,"Ward 6 (2022), District of Columbia",25,18 years and over,"69,048","+/-1,769","69,048",(X)
610U800US11006,"Ward 6 (2022), District of Columbia",26,Male,"33,185","+/-1,237",48.1,+/-1.2
610U800US11006,"Ward 6 (2022), District of Columbia",27,Female,"35,863","+/-1,221",51.9,+/-1.2
610U800US11006,"Ward 6 (2022), District of Columbia",28,Sex ratio (males per 100 females),92.5,+/-4.6,(X),(X)
610U800US11006,"Ward 6 (2022), District of Columbia",28.3,,,,,
610U800US11006,"Ward 6 (2022), District of Columbia",29,65 years and over,"7,727",+/-569,"7,727",(X)
610U800US11006,"Ward 6 (2022), District of Columbia",30,Male,"3,295",+/-348,42.6,+/-3.1
610U800US11006,"Ward 6 (2022), District of Columbia",31,Female,"4,432",+/-401,57.4,+/-3.1
610U800US11006,"Ward 6 (2022), District of Columbia",32,Sex ratio (males per 100 females),74.3,+/-9.6,(X),(X)
610U800US11006,"Ward 6 (2022), District of Columbia",32.3,,,,,
610U800US11006,"Ward 6 (2022), District of Columbia",32.5,RACE,,,,
610U800US11006,"Ward 6 (2022), District of Columbia",33,Total population,"79,161","+/-2,194","79,161",(X)
610U800US11006,"Ward 6 (2022), District of Columbia",34,One race,"74,657","+/-2,202",94.3,+/-0.8
610U800US11006,"Ward 6 (2022), District of Columbia",35,Two or more races,"4,504",+/-672,5.7,+/-0.8
610U800US11006,"Ward 6 (2022), District of Columbia",35.3,,,,,
610U800US11006,"Ward 6 (2022), District of Columbia",36,One race,"74,657","+/-2,202",94.3,+/-0.8
610U800US11006,"Ward 6 (2022), District of Columbia",37,White,"51,212","+/-1,767",64.7,+/-2.1
610U800US11006,"Ward 6 (2022), District of Columbia",38,Black or African American,"17,663","+/-1,563",22.3,+/-1.6
610U800US11006,"Ward 6 (2022), District of Columbia",39,American Indian and Alaska Native,95,+/-84,0.1,+/-0.1
610U800US11006,"Ward 6 (2022), District of Columbia",40,Cherokee tribal grouping,(X),(X),(X),(X)
610U800US11006,"Ward 6 (2022), District of Columbia",41,Chippewa tribal grouping,(X),(X),(X),(X)
610U800US11006,"Ward 6 (2022), District of Columbia",42,Navajo tribal grouping,(X),(X),(X),(X)
610U800US11006,"Ward 6 (2022), District of Columbia",43,Sioux tribal grouping,(X),(X),(X),(X)
610U800US11006,"Ward 6 (2022), District of Columbia",44,Asian,"4,075",+/-618,5.1,+/-0.8
610U800US11006,"Ward 6 (2022), District of Columbia",45,Asian Indian,534,+/-163,0.7,+/-0.2
610U800US11006,"Ward 6 (2022), District of Columbia",46,Chinese,"1,700",+/-494,2.1,+/-0.6
610U800US11006,"Ward 6 (2022), District of Columbia",47,Filipino,381,+/-162,0.5,+/-0.2
610U800US11006,"Ward 6 (2022), District of Columbia",48,Japanese,174,+/-129,0.2,+/-0.2
610U800US11006,"Ward 6 (2022), District of Columbia",49,Korean,684,+/-239,0.9,+/-0.3
610U800US11006,"Ward 6 (2022), District of Columbia",50,Vietnamese,272,+/-131,0.3,+/-0.2
610U800US11006,"Ward 6 (2022), District of Columbia",51,Other Asian,330,+/-119,0.4,+/-0.2
610U800US11006,"Ward 6 (2022), District of Columbia",52,Native Hawaiian and Other Pacific Islander,26,+/-32,0.0,+/-0.1
610U800US11006,"Ward 6 (2022), District of Columbia",53,Native Hawaiian,0,+/-33,0.0,+/-0.1
610U800US11006,"Ward 6 (2022), District of Columbia",54,Chamorro,0,+/-33,0.0,+/-0.1
610U800US11006,"Ward 6 (2022), District of Columbia",55,Samoan,12,+/-20,0.0,+/-0.1
610U800US11006,"Ward 6 (2022), District of Columbia",56,Other Pacific Islander,14,+/-25,0.0,+/-0.1
610U800US11006,"Ward 6 (2022), District of Columbia",57,Some other race,"1,586",+/-556,2.0,+/-0.7
610U800US11006,"Ward 6 (2022), District of Columbia",58,Two or more races,"4,504",+/-672,5.7,+/-0.8
610U800US11006,"Ward 6 (2022), District of Columbia",59,White and Black or African American,987,+/-320,1.2,+/-0.4
610U800US11006,"Ward 6 (2022), District of Columbia",60,White and American Indian and Alaska Native,214,+/-116,0.3,+/-0.1
610U800US11006,"Ward 6 (2022), District of Columbia",61,White and Asian,"1,192",+/-245,1.5,+/-0.3
610U800US11006,"Ward 6 (2022), District of Columbia",62,Black or African American and American Indian and Alaska Native,112,+/-106,0.1,+/-0.1
610U800US11006,"Ward 6 (2022), District of Columbia",62.3,,,,,
610U800US11006,"Ward 6 (2022), District of Columbia",62.5,Race alone or in combination with one or more other races,,,,
610U800US11006,"Ward 6 (2022), District of Columbia",63,Total population,"79,161","+/-2,194","79,161",(X)
610U800US11006,"Ward 6 (2022), District of Columbia",64,White,"55,272","+/-1,717",69.8,+/-1.9
610U800US11006,"Ward 6 (2022), District of Columbia",65,Black or African American,"19,351","+/-1,666",24.4,+/-1.7
610U800US11006,"Ward 6 (2022), District of Columbia",66,American Indian and Alaska Native,572,+/-181,0.7,+/-0.2
610U800US11006,"Ward 6 (2022), District of Columbia",67,Asian,"5,773",+/-738,7.3,+/-0.9
610U800US11006,"Ward 6 (2022), District of Columbia",68,Native Hawaiian and Other Pacific Islander,93,+/-55,0.1,+/-0.1
610U800US11006,"Ward 6 (2022), District of Columbia",69,Some other race,"3,013",+/-683,3.8,+/-0.8
610U800US11006,"Ward 6 (2022), District of Columbia",69.3,,,,,
610U800US11006,"Ward 6 (2022), District of Columbia",69.5,HISPANIC OR LATINO AND RACE,,,,
610U800US11006,"Ward 6 (2022), District of Columbia",70,Total population,"79,161","+/-2,194","79,161",(X)
610U800US11006,"Ward 6 (2022), District of Columbia",71,Hispanic or Latino (of any race),"6,332",+/-868,8.0,+/-1.1
610U800US11006,"Ward 6 (2022), District of Columbia",72,Mexican,"1,281",+/-264,1.6,+/-0.3
610U800US11006,"Ward 6 (2022), District of Columbia",73,Puerto Rican,730,+/-281,0.9,+/-0.4
610U800US11006,"Ward 6 (2022), District of Columbia",74,Cuban,369,+/-171,0.5,+/-0.2
610U800US11006,"Ward 6 (2022), District of Columbia",75,Other Hispanic or Latino,"3,952",+/-815,5.0,+/-1.0
610U800US11006,"Ward 6 (2022), District of Columbia",76,Not Hispanic or Latino,"72,829","+/-2,144",92.0,+/-1.1
610U800US11006,"Ward 6 (2022), District of Columbia",77,White alone,"47,824","+/-1,788",60.4,+/-2.2
610U800US11006,"Ward 6 (2022), District of Columbia",78,Black or African American alone,"17,539","+/-1,560",22.2,+/-1.6
610U800US11006,"Ward 6 (2022), District of Columbia",79,American Indian and Alaska Native alone,43,+/-48,0.1,+/-0.1
610U800US11006,"Ward 6 (2022), District of Columbia",80,Asian alone,"3,999",+/-607,5.1,+/-0.8
610U800US11006,"Ward 6 (2022), District of Columbia",81,Native Hawaiian and Other Pacific Islander alone,14,+/-25,0.0,+/-0.1
610U800US11006,"Ward 6 (2022), District of Columbia",82,Some other race alone,260,+/-151,0.3,+/-0.2
610U800US11006,"Ward 6 (2022), District of Columbia",83,Two or more races,"3,150",+/-530,4.0,+/-0.7
610U800US11006,"Ward 6 (2022), District of Columbia",84,Two races including Some other race,497,+/-352,0.6,+/-0.4
610U800US11006,"Ward 6 (2022), District of Columbia",85,"Two races excluding Some other race, and Three or more races","2,653",+/-413,3.4,+/-0.5
610U800US11006,"Ward 6 (2022), District of Columbia",85.3,,,,,
610U800US11006,"Ward 6 (2022), District of Columbia",86,Total housing units,"46,550","+/-1,072",(X),(X)
610U800US11006,"Ward 6 (2022), District of Columbia",86.3,,,,,
610U800US11006,"Ward 6 (2022), District of Columbia",86.5,"CITIZEN, VOTING AGE POPULATION",,,,
610U800US11006,"Ward 6 (2022), District of Columbia",87,"Citizen, 18 and over population","65,343","+/-1,808","65,343",(X)
610U800US11006,"Ward 6 (2022), District of Columbia",88,Male,"31,454","+/-1,289",48.1,+/-1.3
610U800US11006,"Ward 6 (2022), District of Columbia",89,Female,"33,889","+/-1,226",51.9,+/-1.3
610U800US11007,"Ward 7 (2022), District of Columbia",0,ACS DEMOGRAPHIC AND HOUSING ESTIMATES,,,,
610U800US11007,"Ward 7 (2022), District of Columbia",0.5,,,,,
610U800US11007,"Ward 7 (2022), District of Columbia",0.8,SEX AND AGE,,,,
610U800US11007,"Ward 7 (2022), District of Columbia",1,Total population,"91,997","+/-3,097","91,997",(X)
610U800US11007,"Ward 7 (2022), District of Columbia",2,Male,"44,239","+/-1,826",48.1,+/-1.4
610U800US11007,"Ward 7 (2022), District of Columbia",3,Female,"47,758","+/-2,147",51.9,+/-1.4
610U800US11007,"Ward 7 (2022), District of Columbia",4,Sex ratio (males per 100 females),92.6,+/-5.0,(X),(X)
610U800US11007,"Ward 7 (2022), District of Columbia",4.3,,,,,
610U800US11007,"Ward 7 (2022), District of Columbia",5,Under 5 years,"7,591",+/-965,8.3,+/-1.0
610U800US11007,"Ward 7 (2022), District of Columbia",6,5 to 9 years,"6,038",+/-850,6.6,+/-0.8
610U800US11007,"Ward 7 (2022), District of Columbia",7,10 to 14 years,"5,528",+/-750,6.0,+/-0.8
610U800US11007,"Ward 7 (2022), District of Columbia",8,15 to 19 years,"5,199",+/-727,5.7,+/-0.8
610U800US11007,"Ward 7 (2022), District of Columbia",9,20 to 24 years,"5,616",+/-686,6.1,+/-0.7
610U800US11007,"Ward 7 (2022), District of Columbia",10,25 to 34 years,"16,482","+/-1,115",17.9,+/-1.1
610U800US11007,"Ward 7 (2022), District of Columbia",11,35 to 44 years,"12,459",+/-893,13.5,+/-0.9
610U800US11007,"Ward 7 (2022), District of Columbia",12,45 to 54 years,"10,006",+/-870,10.9,+/-0.9
610U800US11007,"Ward 7 (2022), District of Columbia",13,55 to 59 years,"5,152",+/-581,5.6,+/-0.6
610U800US11007,"Ward 7 (2022), District of Columbia",14,60 to 64 years,"5,697",+/-864,6.2,+/-0.9
610U800US11007,"Ward 7 (2022), District of Columbia",15,65 to 74 years,"7,102",+/-832,7.7,+/-0.9
610U800US11007,"Ward 7 (2022), District of Columbia",16,75 to 84 years,"3,576",+/-539,3.9,+/-0.6
610U800US11007,"Ward 7 (2022), District of Columbia",17,85 years and over,"1,551",+/-298,1.7,+/-0.3
610U800US11007,"Ward 7 (2022), District of Columbia",17.3,,,,,
610U800US11007,"Ward 7 (2022), District of Columbia",18,Median age (years),34.7,+/-0.8,(X),(X)
610U800US11007,"Ward 7 (2022), District of Columbia",18.3,,,,,
610U800US11007,"Ward 7 (2022), District of Columbia",19,Under 18 years,"22,400","+/-1,720",24.3,+/-1.4
610U800US11007,"Ward 7 (2022), District of Columbia",20,16 years and over,"71,788","+/-2,242",78.0,+/-1.3
610U800US11007,"Ward 7 (2022), District of Columbia",21,18 years and over,"69,597","+/-2,193",75.7,+/-1.4
610U800US11007,"Ward 7 (2022), District of Columbia",22,21 years and over,"67,008","+/-2,186",72.8,+/-1.4
610U800US11007,"Ward 7 (2022), District of Columbia",23,62 years and over,"15,478","+/-1,041",16.8,+/-1.1
610U800US11007,"Ward 7 (2022), District of Columbia",24,65 years and over,"12,229",+/-951,13.3,+/-1.0
610U800US11007,"Ward 7 (2022), District of Columbia",24.3,,,,,
610U800US11007,"Ward 7 (2022), District of Columbia",25,18 years and over,"69,597","+/-2,193","69,597",(X)
610U800US11007,"Ward 7 (2022), District of Columbia",26,Male,"32,312","+/-1,589",46.4,+/-1.6
610U800US11007,"Ward 7 (2022), District of Columbia",27,Female,"37,285","+/-1,479",53.6,+/-1.6
610U800US11007,"Ward 7 (2022), District of Columbia",28,Sex ratio (males per 100 females),86.7,+/-5.4,(X),(X)
610U800US11007,"Ward 7 (2022), District of Columbia",28.3,,,,,
610U800US11007,"Ward 7 (2022), District of Columbia",29,65 years and over,"12,229",+/-951,"12,229",(X)
610U800US11007,"Ward 7 (2022), District of Columbia",30,Male,"4,834",+/-558,39.5,+/-2.9
610U800US11007,"Ward 7 (2022), District of Columbia",31,Female,"7,395",+/-616,60.5,+/-2.9
610U800US11007,"Ward 7 (2022), District of Columbia",32,Sex ratio (males per 100 females),65.4,+/-7.8,(X),(X)
610U800US11007,"Ward 7 (2022), District of Columbia",32.3,,,,,
610U800US11007,"Ward 7 (2022), District of Columbia",32.5,RACE,,,,
610U800US11007,"Ward 7 (2022), District of Columbia",33,Total population,"91,997","+/-3,097","91,997",(X)
610U800US11007,"Ward 7 (2022), District of Columbia",34,One race,"88,437","+/-3,070",96.1,+/-0.7
610U800US11007,"Ward 7 (2022), District of Columbia",35,Two or more races,"3,560",+/-685,3.9,+/-0.7
610U800US11007,"Ward 7 (2022), District of Columbia",35.3,,,,,
610U800US11007,"Ward 7 (2022), District of Columbia",36,One race,"88,437","+/-3,070",96.1,+/-0.7
610U800US11007,"Ward 7 (2022), District of Columbia",37,White,"7,192",+/-678,7.8,+/-0.8
610U800US11007,"Ward 7 (2022), District of Columbia",38,Black or African American,"78,810","+/-3,037",85.7,+/-1.2
610U800US11007,"Ward 7 (2022), District of Columbia",39,American Indian and Alaska Native,316,+/-145,0.3,+/-0.2
610U800US11007,"Ward 7 (2022), District of Columbia",40,Cherokee tribal grouping,(X),(X),(X),(X)
610U800US11007,"Ward 7 (2022), District of Columbia",41,Chippewa tribal grouping,(X),(X),(X),(X)
610U800US11007,"Ward 7 (2022), District of Columbia",42,Navajo tribal grouping,(X),(X),(X),(X)
610U800US11007,"Ward 7 (2022), District of Columbia",43,Sioux tribal grouping,(X),(X),(X),(X)
610U800US11007,"Ward 7 (2022), District of Columbia",44,Asian,648,+/-237,0.7,+/-0.3
610U800US11007,"Ward 7 (2022), District of Columbia",45,Asian Indian,92,+/-63,0.1,+/-0.1
610U800US11007,"Ward 7 (2022), District of Columbia",46,Chinese,104,+/-56,0.1,+/-0.1
610U800US11007,"Ward 7 (2022), District of Columbia",47,Filipino,34,+/-27,0.0,+/-0.1
610U800US11007,"Ward 7 (2022), District of Columbia",48,Japanese,11,+/-19,0.0,+/-0.1
610U800US11007,"Ward 7 (2022), District of Columbia",49,Korean,272,+/-186,0.3,+/-0.2
610U800US11007,"Ward 7 (2022), District of Columbia",50,Vietnamese,74,+/-102,0.1,+/-0.1
610U800US11007,"Ward 7 (2022), District of Columbia",51,Other Asian,61,+/-37,0.1,+/-0.1
610U800US11007,"Ward 7 (2022), District of Columbia",52,Native Hawaiian and Other Pacific Islander,19,+/-31,0.0,+/-0.1
610U800US11007,"Ward 7 (2022), District of Columbia",53,Native Hawaiian,0,+/-33,0.0,+/-0.1
610U800US11007,"Ward 7 (2022), District of Columbia",54,Chamorro,0,+/-33,0.0,+/-0.1
610U800US11007,"Ward 7 (2022), District of Columbia",55,Samoan,0,+/-33,0.0,+/-0.1
610U800US11007,"Ward 7 (2022), District of Columbia",56,Other Pacific Islander,19,+/-31,0.0,+/-0.1
610U800US11007,"Ward 7 (2022), District of Columbia",57,Some other race,"1,452",+/-631,1.6,+/-0.7
610U800US11007,"Ward 7 (2022), District of Columbia",58,Two or more races,"3,560",+/-685,3.9,+/-0.7
610U800US11007,"Ward 7 (2022), District of Columbia",59,White and Black or African American,"1,006",+/-413,1.1,+/-0.4
610U800US11007,"Ward 7 (2022), District of Columbia",60,White and American Indian and Alaska Native,104,+/-69,0.1,+/-0.1
610U800US11007,"Ward 7 (2022), District of Columbia",61,White and Asian,279,+/-131,0.3,+/-0.1
610U800US11007,"Ward 7 (2022), District of Columbia",62,Black or African American and American Indian and Alaska Native,832,+/-410,0.9,+/-0.4
610U800US11007,"Ward 7 (2022), District of Columbia",62.3,,,,,
610U800US11007,"Ward 7 (2022), District of Columbia",62.5,Race alone or in combination with one or more other races,,,,
610U800US11007,"Ward 7 (2022), District of Columbia",63,Total population,"91,997","+/-3,097","91,997",(X)
610U800US11007,"Ward 7 (2022), District of Columbia",64,White,"9,470",+/-861,10.3,+/-0.9
610U800US11007,"Ward 7 (2022), District of Columbia",65,Black or African American,"81,375","+/-3,106",88.5,+/-1.1
610U800US11007,"Ward 7 (2022), District of Columbia",66,American Indian and Alaska Native,"1,596",+/-436,1.7,+/-0.5
610U800US11007,"Ward 7 (2022), District of Columbia",67,Asian,"1,104",+/-273,1.2,+/-0.3
610U800US11007,"Ward 7 (2022), District of Columbia",68,Native Hawaiian and Other Pacific Islander,55,+/-45,0.1,+/-0.1
610U800US11007,"Ward 7 (2022), District of Columbia",69,Some other race,"2,347",+/-726,2.6,+/-0.8
610U800US11007,"Ward 7 (2022), District of Columbia",69.3,,,,,
610U800US11007,"Ward 7 (2022), District of Columbia",69.5,HISPANIC OR LATINO AND RACE,,,,
610U800US11007,"Ward 7 (2022), District of Columbia",70,Total population,"91,997","+/-3,097","91,997",(X)
610U800US11007,"Ward 7 (2022), District of Columbia",71,Hispanic or Latino (of any race),"3,802",+/-786,4.1,+/-0.8
610U800US11007,"Ward 7 (2022), District of Columbia",72,Mexican,728,+/-416,0.8,+/-0.5
610U800US11007,"Ward 7 (2022), District of Columbia",73,Puerto Rican,524,+/-355,0.6,+/-0.4
610U800US11007,"Ward 7 (2022), District of Columbia",74,Cuban,361,+/-263,0.4,+/-0.3
610U800US11007,"Ward 7 (2022), District of Columbia",75,Other Hispanic or Latino,"2,189",+/-634,2.4,+/-0.7
610U800US11007,"Ward 7 (2022), District of Columbia",76,Not Hispanic or Latino,"88,195","+/-3,077",95.9,+/-0.8
610U800US11007,"Ward 7 (2022), District of Columbia",77,White alone,"6,543",+/-631,7.1,+/-0.7
610U800US11007,"Ward 7 (2022), District of Columbia",78,Black or African American alone,"77,487","+/-3,065",84.2,+/-1.3
610U800US11007,"Ward 7 (2022), District of Columbia",79,American Indian and Alaska Native alone,268,+/-129,0.3,+/-0.1
610U800US11007,"Ward 7 (2022), District of Columbia",80,Asian alone,639,+/-236,0.7,+/-0.3
610U800US11007,"Ward 7 (2022), District of Columbia",81,Native Hawaiian and Other Pacific Islander alone,0,+/-33,0.0,+/-0.1
610U800US11007,"Ward 7 (2022), District of Columbia",82,Some other race alone,462,+/-327,0.5,+/-0.4
610U800US11007,"Ward 7 (2022), District of Columbia",83,Two or more races,"2,796",+/-599,3.0,+/-0.7
610U800US11007,"Ward 7 (2022), District of Columbia",84,Two races including Some other race,180,+/-102,0.2,+/-0.1
610U800US11007,"Ward 7 (2022), District of Columbia",85,"Two races excluding Some other race, and Three or more races","2,616",+/-605,2.8,+/-0.7
610U800US11007,"Ward 7 (2022), District of Columbia",85.3,,,,,
610U800US11007,"Ward 7 (2022), District of Columbia",86,Total housing units,"41,318","+/-1,061",(X),(X)
610U800US11007,"Ward 7 (2022), District of Columbia",86.3,,,,,
610U800US11007,"Ward 7 (2022), District of Columbia",86.5,"CITIZEN, VOTING AGE POPULATION",,,,
610U800US11007,"Ward 7 (2022), District of Columbia",87,"Citizen, 18 and over population","67,919","+/-2,209","67,919",(X)
610U800US11007,"Ward 7 (2022), District of Columbia",88,Male,"31,367","+/-1,632",46.2,+/-1.6
610U800US11007,"Ward 7 (2022), District of Columbia",89,Female,"36,552","+/-1,421",53.8,+/-1.6
610U800US11008,"Ward 8 (2022), District of Columbia",0,ACS DEMOGRAPHIC AND HOUSING ESTIMATES,,,,
610U800US11008,"Ward 8 (2022), District of Columbia",0.5,,,,,
610U800US11008,"Ward 8 (2022), District of Columbia",0.8,SEX AND AGE,,,,
610U800US11008,"Ward 8 (2022), District of Columbia",1,Total population,"88,050","+/-2,526","88,050",(X)
610U800US11008,"Ward 8 (2022), District of Columbia",2,Male,"39,443","+/-1,593",44.8,+/-1.3
610U800US11008,"Ward 8 (2022), District of Columbia",3,Female,"48,607","+/-1,824",55.2,+/-1.3
610U800US11008,"Ward 8 (2022), District of Columbia",4,Sex ratio (males per 100 females),81.1,+/-4.3,(X),(X)
610U800US11008,"Ward 8 (2022), District of Columbia",4.3,,,,,
610U800US11008,"Ward 8 (2022), District of Columbia",5,Under 5 years,"8,131","+/-1,034",9.2,+/-1.1
610U800US11008,"Ward 8 (2022), District of Columbia",6,5 to 9 years,"6,880",+/-762,7.8,+/-0.8
610U800US11008,"Ward 8 (2022), District of Columbia",7,10 to 14 years,"7,417",+/-912,8.4,+/-1.0
610U800US11008,"Ward 8 (2022), District of Columbia",8,15 to 19 years,"5,340",+/-659,6.1,+/-0.7
610U800US11008,"Ward 8 (2022), District of Columbia",9,20 to 24 years,"5,924",+/-671,6.7,+/-0.7
610U800US11008,"Ward 8 (2022), District of Columbia",10,25 to 34 years,"15,828",+/-882,18.0,+/-1.1
610U800US11008,"Ward 8 (2022), District of Columbia",11,35 to 44 years,"12,395",+/-837,14.1,+/-0.8
610U800US11008,"Ward 8 (2022), District of Columbia",12,45 to 54 years,"8,437",+/-695,9.6,+/-0.7
610U800US11008,"Ward 8 (2022), District of Columbia",13,55 to 59 years,"4,618",+/-566,5.2,+/-0.6
610U800US11008,"Ward 8 (2022), District of Columbia",14,60 to 64 years,"4,638",+/-713,5.3,+/-0.8
610U800US11008,"Ward 8 (2022), District of Columbia",15,65 to 74 years,"5,412",+/-589,6.1,+/-0.7
610U800US11008,"Ward 8 (2022), District of Columbia",16,75 to 84 years,"2,050",+/-310,2.3,+/-0.4
610U800US11008,"Ward 8 (2022), District of Columbia",17,85 years and over,980,+/-412,1.1,+/-0.5
610U800US11008,"Ward 8 (2022), District of Columbia",17.3,,,,,
610U800US11008,"Ward 8 (2022), District of Columbia",18,Median age (years),31.0,+/-0.9,(X),(X)
610U800US11008,"Ward 8 (2022), District of Columbia",18.3,,,,,
610U800US11008,"Ward 8 (2022), District of Columbia",19,Under 18 years,"25,887","+/-1,724",29.4,+/-1.4
610U800US11008,"Ward 8 (2022), District of Columbia",20,16 years and over,"64,107","+/-1,787",72.8,+/-1.5
610U800US11008,"Ward 8 (2022), District of Columbia",21,18 years and over,"62,163","+/-1,672",70.6,+/-1.4
610U800US11008,"Ward 8 (2022), District of Columbia",22,21 years and over,"59,442","+/-1,608",67.5,+/-1.4
610U800US11008,"Ward 8 (2022), District of Columbia",23,62 years and over,"11,252",+/-910,12.8,+/-1.1
610U800US11008,"Ward 8 (2022), District of Columbia",24,65 years and over,"8,442",+/-712,9.6,+/-0.8
610U800US11008,"Ward 8 (2022), District of Columbia",24.3,,,,,
610U800US11008,"Ward 8 (2022), District of Columbia",25,18 years and over,"62,163","+/-1,672","62,163",(X)
610U800US11008,"Ward 8 (2022), District of Columbia",26,Male,"26,809","+/-1,199",43.1,+/-1.5
610U800US11008,"Ward 8 (2022), District of Columbia",27,Female,"35,354","+/-1,322",56.9,+/-1.5
610U800US11008,"Ward 8 (2022), District of Columbia",28,Sex ratio (males per 100 females),75.8,+/-4.7,(X),(X)
610U800US11008,"Ward 8 (2022), District of Columbia",28.3,,,,,
610U800US11008,"Ward 8 (2022), District of Columbia",29,65 years and over,"8,442",+/-712,"8,442",(X)
610U800US11008,"Ward 8 (2022), District of Columbia",30,Male,"3,277",+/-497,38.8,+/-4.4
610U800US11008,"Ward 8 (2022), District of Columbia",31,Female,"5,165",+/-517,61.2,+/-4.4
610U800US11008,"Ward 8 (2022), District of Columbia",32,Sex ratio (males per 100 females),63.4,+/-11.6,(X),(X)
610U800US11008,"Ward 8 (2022), District of Columbia",32.3,,,,,
610U800US11008,"Ward 8 (2022), District of Columbia",32.5,RACE,,,,
610U800US11008,"Ward 8 (2022), District of Columbia",33,Total population,"88,050","+/-2,526","88,050",(X)
610U800US11008,"Ward 8 (2022), District of Columbia",34,One race,"84,991","+/-2,646",96.5,+/-0.9
610U800US11008,"Ward 8 (2022), District of Columbia",35,Two or more races,"3,059",+/-788,3.5,+/-0.9
610U800US11008,"Ward 8 (2022), District of Columbia",35.3,,,,,
610U800US11008,"Ward 8 (2022), District of Columbia",36,One race,"84,991","+/-2,646",96.5,+/-0.9
610U800US11008,"Ward 8 (2022), District of Columbia",37,White,"8,151",+/-852,9.3,+/-1.0
610U800US11008,"Ward 8 (2022), District of Columbia",38,Black or African American,"74,017","+/-2,769",84.1,+/-1.7
610U800US11008,"Ward 8 (2022), District of Columbia",39,American Indian and Alaska Native,151,+/-105,0.2,+/-0.1
610U800US11008,"Ward 8 (2022), District of Columbia",40,Cherokee tribal grouping,(X),(X),(X),(X)
610U800US11008,"Ward 8 (2022), District of Columbia",41,Chippewa tribal grouping,(X),(X),(X),(X)
610U800US11008,"Ward 8 (2022), District of Columbia",42,Navajo tribal grouping,(X),(X),(X),(X)
610U800US11008,"Ward 8 (2022), District of Columbia",43,Sioux tribal grouping,(X),(X),(X),(X)
610U800US11008,"Ward 8 (2022), District of Columbia",44,Asian,746,+/-208,0.8,+/-0.2
610U800US11008,"Ward 8 (2022), District of Columbia",45,Asian Indian,127,+/-81,0.1,+/-0.1
610U800US11008,"Ward 8 (2022), District of Columbia",46,Chinese,128,+/-72,0.1,+/-0.1
610U800US11008,"Ward 8 (2022), District of Columbia",47,Filipino,68,+/-66,0.1,+/-0.1
610U800US11008,"Ward 8 (2022), District of Columbia",48,Japanese,0,+/-33,0.0,+/-0.1
610U800US11008,"Ward 8 (2022), District of Columbia",49,Korean,275,+/-140,0.3,+/-0.2
610U800US11008,"Ward 8 (2022), District of Columbia",50,Vietnamese,23,+/-33,0.0,+/-0.1
610U800US11008,"Ward 8 (2022), District of Columbia",51,Other Asian,125,+/-79,0.1,+/-0.1
610U800US11008,"Ward 8 (2022), District of Columbia",52,Native Hawaiian and Other Pacific Islander,12,+/-16,0.0,+/-0.1
610U800US11008,"Ward 8 (2022), District of Columbia",53,Native Hawaiian,1,+/-2,0.0,+/-0.1
610U800US11008,"Ward 8 (2022), District of Columbia",54,Chamorro,8,+/-14,0.0,+/-0.1
610U800US11008,"Ward 8 (2022), District of Columbia",55,Samoan,0,+/-33,0.0,+/-0.1
610U800US11008,"Ward 8 (2022), District of Columbia",56,Other Pacific Islander,3,+/-6,0.0,+/-0.1
610U800US11008,"Ward 8 (2022), District of Columbia",57,Some other race,"1,914",+/-789,2.2,+/-0.9
610U800US11008,"Ward 8 (2022), District of Columbia",58,Two or more races,"3,059",+/-788,3.5,+/-0.9
610U800US11008,"Ward 8 (2022), District of Columbia",59,White and Black or African American,"1,143",+/-383,1.3,+/-0.4
610U800US11008,"Ward 8 (2022), District of Columbia",60,White and American Indian and Alaska Native,149,+/-105,0.2,+/-0.1
610U800US11008,"Ward 8 (2022), District of Columbia",61,White and Asian,166,+/-102,0.2,+/-0.1
610U800US11008,"Ward 8 (2022), District of Columbia",62,Black or African American and American Indian and Alaska Native,530,+/-449,0.6,+/-0.5
610U800US11008,"Ward 8 (2022), District of Columbia",62.3,,,,,
610U800US11008,"Ward 8 (2022), District of Columbia",62.5,Race alone or in combination with one or more other races,,,,
610U800US11008,"Ward 8 (2022), District of Columbia",63,Total population,"88,050","+/-2,526","88,050",(X)
610U800US11008,"Ward 8 (2022), District of Columbia",64,White,"10,526","+/-1,109",12.0,+/-1.2
610U800US11008,"Ward 8 (2022), District of Columbia",65,Black or African American,"76,253","+/-2,682",86.6,+/-1.5
610U800US11008,"Ward 8 (2022), District of Columbia",66,American Indian and Alaska Native,"1,068",+/-539,1.2,+/-0.6
610U800US11008,"Ward 8 (2022), District of Columbia",67,Asian,"1,132",+/-309,1.3,+/-0.4
610U800US11008,"Ward 8 (2022), District of Columbia",68,Native Hawaiian and Other Pacific Islander,99,+/-88,0.1,+/-0.1
610U800US11008,"Ward 8 (2022), District of Columbia",69,Some other race,"2,663",+/-887,3.0,+/-1.0
610U800US11008,"Ward 8 (2022), District of Columbia",69.3,,,,,
610U800US11008,"Ward 8 (2022), District of Columbia",69.5,HISPANIC OR LATINO AND RACE,,,,
610U800US11008,"Ward 8 (2022), District of Columbia",70,Total population,"88,050","+/-2,526","88,050",(X)
610U800US11008,"Ward 8 (2022), District of Columbia",71,Hispanic or Latino (of any race),"3,471",+/-890,3.9,+/-1.0
610U800US11008,"Ward 8 (2022), District of Columbia",72,Mexican,"1,011",+/-539,1.1,+/-0.6
610U800US11008,"Ward 8 (2022), District of Columbia",73,Puerto Rican,804,+/-324,0.9,+/-0.4
610U800US11008,"Ward 8 (2022), District of Columbia",74,Cuban,8,+/-14,0.0,+/-0.1
610U800US11008,"Ward 8 (2022), District of Columbia",75,Other Hispanic or Latino,"1,648",+/-613,1.9,+/-0.7
610U800US11008,"Ward 8 (2022), District of Columbia",76,Not Hispanic or Latino,"84,579","+/-2,566",96.1,+/-1.0
610U800US11008,"Ward 8 (2022), District of Columbia",77,White alone,"7,218",+/-641,8.2,+/-0.7
610U800US11008,"Ward 8 (2022), District of Columbia",78,Black or African American alone,"73,109","+/-2,784",83.0,+/-1.7
610U800US11008,"Ward 8 (2022), District of Columbia",79,American Indian and Alaska Native alone,113,+/-101,0.1,+/-0.1
610U800US11008,"Ward 8 (2022), District of Columbia",80,Asian alone,732,+/-206,0.8,+/-0.2
610U800US11008,"Ward 8 (2022), District of Columbia",81,Native Hawaiian and Other Pacific Islander alone,9,+/-14,0.0,+/-0.1
610U800US11008,"Ward 8 (2022), District of Columbia",82,Some other race alone,917,+/-607,1.0,+/-0.7
610U800US11008,"Ward 8 (2022), District of Columbia",83,Two or more races,"2,481",+/-753,2.8,+/-0.9
610U800US11008,"Ward 8 (2022), District of Columbia",84,Two races including Some other race,38,+/-40,0.0,+/-0.1
610U800US11008,"Ward 8 (2022), District of Columbia",85,"Two races excluding Some other race, and Three or more races","2,443",+/-752,2.8,+/-0.9
610U800US11008,"Ward 8 (2022), District of Columbia",85.3,,,,,
610U800US11008,"Ward 8 (2022), District of Columbia",86,Total housing units,"42,428","+/-1,284",(X),(X)
610U800US11008,"Ward 8 (2022), District of Columbia",86.3,,,,,
610U800US11008,"Ward 8 (2022), District of Columbia",86.5,"CITIZEN, VOTING AGE POPULATION",,,,
610U800US11008,"Ward 8 (2022), District of Columbia",87,"Citizen, 18 and over population","61,055","+/-1,720","61,055",(X)
610U800US11008,"Ward 8 (2022), District of Columbia",88,Male,"26,163","+/-1,216",42.9,+/-1.5
610U800US11008,"Ward 8 (2022), District of Columbia",89,Female,"34,892","+/-1,308",57.1,+/-1.5
