TBLID,GEOID,GEONAME,PROFLN,TITLE,PRF_ESTIMATE,PRF_MG_ERROR,PCT_ESTIMATE,PCT_MG_ERROR
DP05,5001800US0101,"Congressional District 1 (118th Congress), Alabama",0,ACS DEMOGRAPHIC AND HOUSING ESTIMATES,,,,
DP05,5001800US0101,"Congressional District 1 (118th Congress), Alabama",0.5,,,,,
DP05,5001800US0101,"Congressional District 1 (118th Congress), Alabama",0.8,SEX AND AGE,,,,
DP05,5001800US0101,"Congressional District 1 (118th Congress), Alabama",1,Total population,"727,212","+/-2,995","727,212",(X)
DP05,5001800US0101,"Congressional District 1 (118th Congress), Alabama",2,Male,"353,457","+/-2,957",48.6,+/-0.3
DP05,5001800US0101,"Congressional District 1 (118th Congress), Alabama",3,Female,"373,755","+/-2,450",51.4,+/-0.3
DP05,5001800US0101,"Congressional District 1 (118th Congress), Alabama",4,Sex ratio (males per 100 females),94.6,+/-1.2,(X),(X)
DP05,5001800US0101,"Congressional District 1 (118th Congress), Alabama",4.3,,,,,
DP05,5001800US0101,"Congressional District 1 (118th Congress), Alabama",5,Under 5 years,"41,746","+/-1,496",5.7,+/-0.2
DP05,5001800US0101,"Congressional District 1 (118th Congress), Alabama",6,5 to 9 years,"43,922","+/-2,407",6.0,+/-0.3
DP05,5001800US0101,"Congressional District 1 (118th Congress), Alabama",7,10 to 14 years,"49,662","+/-2,921",6.8,+/-0.4
DP05,5001800US0101,"Congressional District 1 (118th Congress), Alabama",8,15 to 19 years,"45,515","+/-1,876",6.3,+/-0.3
DP05,5001800US0101,"Congressional District 1 (118th Congress), Alabama",9,20 to 24 years,"41,943","+/-2,319",5.8,+/-0.3
DP05,5001800US0101,"Congressional District 1 (118th Congress), Alabama",10,25 to 34 years,"90,204","+/-2,463",12.4,+/-0.3
DP05,5001800US0101,"Congressional District 1 (118th Congress), Alabama",11,35 to 44 years,"89,421","+/-2,145",12.3,+/-0.3
DP05,5001800US0101,"Congressional District 1 (118th Congress), Alabama",12,45 to 54 years,"87,941","+/-2,125",12.1,+/-0.3
DP05,5001800US0101,"Congressional District 1 (118th Congress), Alabama",13,55 to 59 years,"50,882","+/-3,656",7.0,+/-0.5
DP05,5001800US0101,"Congressional District 1 (118th Congress), Alabama",14,60 to 64 years,"49,511","+/-3,337",6.8,+/-0.5
DP05,5001800US0101,"Congressional District 1 (118th Congress), Alabama",15,65 to 74 years,"83,675","+/-1,909",11.5,+/-0.3
DP05,5001800US0101,"Congressional District 1 (118th Congress), Alabama",16,75 to 84 years,"40,508","+/-2,360",5.6,+/-0.3
DP05,5001800US0101,"Congressional District 1 (118th Congress), Alabama",17,85 years and over,"12,282","+/-1,943",1.7,+/-0.3
DP05,5001800US0101,"Congressional District 1 (118th Congress), Alabama",17.3,,,,,
DP05,5001800US0101,"Congressional District 1 (118th Congress), Alabama",18,Median age (years),41.0,+/-0.6,(X),(X)
DP05,5001800US0101,"Congressional District 1 (118th Congress), Alabama",18.3,,,,,
DP05,5001800US0101,"Congressional District 1 (118th Congress), Alabama",19,Under 18 years,"162,658","+/-1,772",22.4,+/-0.2
DP05,5001800US0101,"Congressional District 1 (118th Congress), Alabama",20,16 years and over,"583,074","+/-3,264",80.2,+/-0.3
DP05,5001800US0101,"Congressional District 1 (118th Congress), Alabama",21,18 years and over,"564,554","+/-2,721",77.6,+/-0.2
DP05,5001800US0101,"Congressional District 1 (118th Congress), Alabama",22,21 years and over,"535,339","+/-3,835",73.6,+/-0.4
DP05,5001800US0101,"Congressional District 1 (118th Congress), Alabama",23,62 years and over,"165,572","+/-3,473",22.8,+/-0.5
DP05,5001800US0101,"Congressional District 1 (118th Congress), Alabama",24,65 years and over,"136,465","+/-1,880",18.8,+/-0.3
DP05,5001800US0101,"Congressional District 1 (118th Congress), Alabama",24.3,,,,,
DP05,5001800US0101,"Congressional District 1 (118th Congress), Alabama",25,18 years and over,"564,554","+/-2,721","564,554",(X)
DP05,5001800US0101,"Congressional District 1 (118th Congress), Alabama",26,Male,"270,043","+/-2,290",47.8,+/-0.3
DP05,5001800US0101,"Congressional District 1 (118th Congress), Alabama",27,Female,"294,511","+/-1,698",52.2,+/-0.3
DP05,5001800US0101,"Congressional District 1 (118th Congress), Alabama",28,Sex ratio (males per 100 females),91.7,+/-1.0,(X),(X)
DP05,5001800US0101,"Congressional District 1 (118th Congress), Alabama",28.3,,,,,
DP05,5001800US0101,"Congressional District 1 (118th Congress), Alabama",29,65 years and over,"136,465","+/-1,880","136,465",(X)
DP05,5001800US0101,"Congressional District 1 (118th Congress), Alabama",30,Male,"61,808","+/-1,530",45.3,+/-0.7
DP05,5001800US0101,"Congressional District 1 (118th Congress), Alabama",31,Female,"74,657","+/-1,085",54.7,+/-0.7
DP05,5001800US0101,"Congressional District 1 (118th Congress), Alabama",32,Sex ratio (males per 100 females),82.8,+/-2.4,(X),(X)
DP05,5001800US0101,"Congressional District 1 (118th Congress), Alabama",32.3,,,,,
DP05,5001800US0101,"Congressional District 1 (118th Congress), Alabama",32.5,RACE,,,,
DP05,5001800US0101,"Congressional District 1 (118th Congress), Alabama",33,Total population,"727,212","+/-2,995","727,212",(X)
DP05,5001800US0101,"Congressional District 1 (118th Congress), Alabama",34,One race,"698,260","+/-5,288",96.0,+/-0.6
DP05,5001800US0101,"Congressional District 1 (118th Congress), Alabama",35,Two or more races,"28,952","+/-4,534",4.0,+/-0.6
DP05,5001800US0101,"Congressional District 1 (118th Congress), Alabama",35.3,,,,,
DP05,5001800US0101,"Congressional District 1 (118th Congress), Alabama",36,One race,"698,260","+/-5,288",96.0,+/-0.6
DP05,5001800US0101,"Congressional District 1 (118th Congress), Alabama",37,White,"472,578","+/-3,968",65.0,+/-0.5
DP05,5001800US0101,"Congressional District 1 (118th Congress), Alabama",38,Black or African American,"195,978","+/-3,467",26.9,+/-0.5
DP05,5001800US0101,"Congressional District 1 (118th Congress), Alabama",39,American Indian and Alaska Native,"5,074","+/-1,323",0.7,+/-0.2
DP05,5001800US0101,"Congressional District 1 (118th Congress), Alabama",40,Cherokee tribal grouping,(X),(X),(X),(X)
DP05,5001800US0101,"Congressional District 1 (118th Congress), Alabama",41,Chippewa tribal grouping,(X),(X),(X),(X)
DP05,5001800US0101,"Congressional District 1 (118th Congress), Alabama",42,Navajo tribal grouping,(X),(X),(X),(X)
DP05,5001800US0101,"Congressional District 1 (118th Congress), Alabama",43,Sioux tribal grouping,(X),(X),(X),(X)
DP05,5001800US0101,"Congressional District 1 (118th Congress), Alabama",44,Asian,"11,190","+/-1,219",1.5,+/-0.2
DP05,5001800US0101,"Congressional District 1 (118th Congress), Alabama",45,Asian Indian,"1,150",+/-900,0.2,+/-0.1
DP05,5001800US0101,"Congressional District 1 (118th Congress), Alabama",46,Chinese,"1,603","+/-1,195",0.2,+/-0.2
DP05,5001800US0101,"Congressional District 1 (118th Congress), Alabama",47,Filipino,977,+/-617,0.1,+/-0.1
DP05,5001800US0101,"Congressional District 1 (118th Congress), Alabama",48,Japanese,48,+/-110,0.0,+/-0.1
DP05,5001800US0101,"Congressional District 1 (118th Congress), Alabama",49,Korean,466,+/-553,0.1,+/-0.1
DP05,5001800US0101,"Congressional District 1 (118th Congress), Alabama",50,Vietnamese,"5,651","+/-2,089",0.8,+/-0.3
DP05,5001800US0101,"Congressional District 1 (118th Congress), Alabama",51,Other Asian,"1,295","+/-1,037",0.2,+/-0.1
DP05,5001800US0101,"Congressional District 1 (118th Congress), Alabama",52,Native Hawaiian and Other Pacific Islander,0,+/-216,0.0,+/-0.1
DP05,5001800US0101,"Congressional District 1 (118th Congress), Alabama",53,Native Hawaiian,N,N,N,N
DP05,5001800US0101,"Congressional District 1 (118th Congress), Alabama",54,Chamorro,N,N,N,N
DP05,5001800US0101,"Congressional District 1 (118th Congress), Alabama",55,Samoan,N,N,N,N
DP05,5001800US0101,"Congressional District 1 (118th Congress), Alabama",56,Other Pacific Islander,N,N,N,N
DP05,5001800US0101,"Congressional District 1 (118th Congress), Alabama",57,Some other race,"13,440","+/-3,385",1.8,+/-0.5
DP05,5001800US0101,"Congressional District 1 (118th Congress), Alabama",58,Two or more races,"28,952","+/-4,534",4.0,+/-0.6
DP05,5001800US0101,"Congressional District 1 (118th Congress), Alabama",59,White and Black or African American,"5,945","+/-2,493",0.8,+/-0.3
DP05,5001800US0101,"Congressional District 1 (118th Congress), Alabama",60,White and American Indian and Alaska Native,"6,255",+/-900,0.9,+/-0.1
DP05,5001800US0101,"Congressional District 1 (118th Congress), Alabama",61,White and Asian,"2,595","+/-1,251",0.4,+/-0.2
DP05,5001800US0101,"Congressional District 1 (118th Congress), Alabama",62,Black or African American and American Indian and Alaska Native,515,+/-352,0.1,+/-0.1
DP05,5001800US0101,"Congressional District 1 (118th Congress), Alabama",62.3,,,,,
DP05,5001800US0101,"Congressional District 1 (118th Congress), Alabama",62.5,Race alone or in combination with one or more other races,,,,
DP05,5001800US0101,"Congressional District 1 (118th Congress), Alabama",63,Total population,"727,212","+/-2,995","727,212",(X)
DP05,5001800US0101,"Congressional District 1 (118th Congress), Alabama",64,White,"499,288","+/-5,202",68.7,+/-0.7
DP05,5001800US0101,"Congressional District 1 (118th Congress), Alabama",65,Black or African American,"204,594","+/-2,346",28.1,+/-0.3
DP05,5001800US0101,"Congressional District 1 (118th Congress), Alabama",66,American Indian and Alaska Native,"13,884","+/-1,040",1.9,+/-0.1
DP05,5001800US0101,"Congressional District 1 (118th Congress), Alabama",67,Asian,"14,922",+/-754,2.1,+/-0.1
DP05,5001800US0101,"Congressional District 1 (118th Congress), Alabama",68,Native Hawaiian and Other Pacific Islander,N,N,N,N
DP05,5001800US0101,"Congressional District 1 (118th Congress), Alabama",69,Some other race,"25,254","+/-3,814",3.5,+/-0.5
DP05,5001800US0101,"Congressional District 1 (118th Congress), Alabama",69.3,,,,,
DP05,5001800US0101,"Congressional District 1 (118th Congress), Alabama",69.5,HISPANIC OR LATINO AND RACE,,,,
DP05,5001800US0101,"Congressional District 1 (118th Congress), Alabama",70,Total population,"727,212","+/-2,995","727,212",(X)
DP05,5001800US0101,"Congressional District 1 (118th Congress), Alabama",71,Hispanic or Latino (of any race),"25,346",+/-779,3.5,+/-0.1
DP05,5001800US0101,"Congressional District 1 (118th Congress), Alabama",72,Mexican,"14,082","+/-2,725",1.9,+/-0.4
DP05,5001800US0101,"Congressional District 1 (118th Congress), Alabama",73,Puerto Rican,"3,213","+/-1,448",0.4,+/-0.2
DP05,5001800US0101,"Congressional District 1 (118th Congress), Alabama",74,Cuban,"1,480",+/-884,0.2,+/-0.1
DP05,5001800US0101,"Congressional District 1 (118th Congress), Alabama",75,Other Hispanic or Latino,"6,571","+/-2,602",0.9,+/-0.4
DP05,5001800US0101,"Congressional District 1 (118th Congress), Alabama",76,Not Hispanic or Latino,"701,866","+/-2,932",96.5,+/-0.1
DP05,5001800US0101,"Congressional District 1 (118th Congress), Alabama",77,White alone,"468,748","+/-3,164",64.5,+/-0.4
DP05,5001800US0101,"Congressional District 1 (118th Congress), Alabama",78,Black or African American alone,"194,754","+/-3,460",26.8,+/-0.5
DP05,5001800US0101,"Congressional District 1 (118th Congress), Alabama",79,American Indian and Alaska Native alone,"4,653","+/-1,014",0.6,+/-0.1
DP05,5001800US0101,"Congressional District 1 (118th Congress), Alabama",80,Asian alone,"11,190","+/-1,219",1.5,+/-0.2
DP05,5001800US0101,"Congressional District 1 (118th Congress), Alabama",81,Native Hawaiian and Other Pacific Islander alone,0,+/-216,0.0,+/-0.1
DP05,5001800US0101,"Congressional District 1 (118th Congress), Alabama",82,Some other race alone,"2,487","+/-1,280",0.3,+/-0.2
DP05,5001800US0101,"Congressional District 1 (118th Congress), Alabama",83,Two or more races,"20,034","+/-3,394",2.8,+/-0.5
DP05,5001800US0101,"Congressional District 1 (118th Congress), Alabama",84,Two races including Some other race,"2,624","+/-1,442",0.4,+/-0.2
DP05,5001800US0101,"Congressional District 1 (118th Congress), Alabama",85,"Two races excluding Some other race, and Three or more races","17,410","+/-3,293",2.4,+/-0.5
DP05,5001800US0101,"Congressional District 1 (118th Congress), Alabama",85.3,,,,,
DP05,5001800US0101,"Congressional District 1 (118th Congress), Alabama",86,Total housing units,"349,120","+/-1,767",(X),(X)
DP05,5001800US0101,"Congressional District 1 (118th Congress), Alabama",86.3,,,,,
DP05,5001800US0101,"Congressional District 1 (118th Congress), Alabama",86.5,"CITIZEN, VOTING AGE POPULATION",,,,
DP05,5001800US0101,"Congressional District 1 (118th Congress), Alabama",87,"Citizen, 18 and over population","555,123","+/-3,597","555,123",(X)
DP05,5001800US0101,"Congressional District 1 (118th Congress), Alabama",88,Male,"265,460","+/-2,757",47.8,+/-0.3
DP05,5001800US0101,"Congressional District 1 (118th Congress), Alabama",89,Female,"289,663","+/-1,993",52.2,+/-0.3
DP05,5001800US0102,"Congressional District 2 (118th Congress), Alabama",0,ACS DEMOGRAPHIC AND HOUSING ESTIMATES,,,,
DP05,5001800US0102,"Congressional District 2 (118th Congress), Alabama",0.5,,,,,
DP05,5001800US0102,"Congressional District 2 (118th Congress), Alabama",0.8,SEX AND AGE,,,,
DP05,5001800US0102,"Congressional District 2 (118th Congress), Alabama",1,Total population,"716,212","+/-5,386","716,212",(X)
DP05,5001800US0102,"Congressional District 2 (118th Congress), Alabama",2,Male,"345,729","+/-3,848",48.3,+/-0.4
DP05,5001800US0102,"Congressional District 2 (118th Congress), Alabama",3,Female,"370,483","+/-3,858",51.7,+/-0.4
DP05,5001800US0102,"Congressional District 2 (118th Congress), Alabama",4,Sex ratio (males per 100 females),93.3,+/-1.4,(X),(X)
DP05,5001800US0102,"Congressional District 2 (118th Congress), Alabama",4.3,,,,,
DP05,5001800US0102,"Congressional District 2 (118th Congress), Alabama",5,Under 5 years,"41,997","+/-2,156",5.9,+/-0.3
DP05,5001800US0102,"Congressional District 2 (118th Congress), Alabama",6,5 to 9 years,"41,537","+/-2,830",5.8,+/-0.4
DP05,5001800US0102,"Congressional District 2 (118th Congress), Alabama",7,10 to 14 years,"52,672","+/-2,965",7.4,+/-0.4
DP05,5001800US0102,"Congressional District 2 (118th Congress), Alabama",8,15 to 19 years,"47,741","+/-3,148",6.7,+/-0.4
DP05,5001800US0102,"Congressional District 2 (118th Congress), Alabama",9,20 to 24 years,"43,994","+/-2,616",6.1,+/-0.4
DP05,5001800US0102,"Congressional District 2 (118th Congress), Alabama",10,25 to 34 years,"89,835","+/-3,308",12.5,+/-0.4
DP05,5001800US0102,"Congressional District 2 (118th Congress), Alabama",11,35 to 44 years,"93,221","+/-2,808",13.0,+/-0.4
DP05,5001800US0102,"Congressional District 2 (118th Congress), Alabama",12,45 to 54 years,"87,973","+/-2,551",12.3,+/-0.3
DP05,5001800US0102,"Congressional District 2 (118th Congress), Alabama",13,55 to 59 years,"43,083","+/-2,335",6.0,+/-0.3
DP05,5001800US0102,"Congressional District 2 (118th Congress), Alabama",14,60 to 64 years,"48,850","+/-2,763",6.8,+/-0.4
DP05,5001800US0102,"Congressional District 2 (118th Congress), Alabama",15,65 to 74 years,"74,369","+/-1,628",10.4,+/-0.2
DP05,5001800US0102,"Congressional District 2 (118th Congress), Alabama",16,75 to 84 years,"38,134","+/-1,941",5.3,+/-0.3
DP05,5001800US0102,"Congressional District 2 (118th Congress), Alabama",17,85 years and over,"12,806","+/-1,540",1.8,+/-0.2
DP05,5001800US0102,"Congressional District 2 (118th Congress), Alabama",17.3,,,,,
DP05,5001800US0102,"Congressional District 2 (118th Congress), Alabama",18,Median age (years),39.0,+/-0.6,(X),(X)
DP05,5001800US0102,"Congressional District 2 (118th Congress), Alabama",18.3,,,,,
DP05,5001800US0102,"Congressional District 2 (118th Congress), Alabama",19,Under 18 years,"165,222","+/-2,769",23.1,+/-0.3
DP05,5001800US0102,"Congressional District 2 (118th Congress), Alabama",20,16 years and over,"570,701","+/-4,402",79.7,+/-0.3
DP05,5001800US0102,"Congressional District 2 (118th Congress), Alabama",21,18 years and over,"550,990","+/-4,370",76.9,+/-0.3
DP05,5001800US0102,"Congressional District 2 (118th Congress), Alabama",22,21 years and over,"523,411","+/-4,693",73.1,+/-0.5
DP05,5001800US0102,"Congressional District 2 (118th Congress), Alabama",23,62 years and over,"154,296","+/-2,807",21.5,+/-0.4
DP05,5001800US0102,"Congressional District 2 (118th Congress), Alabama",24,65 years and over,"125,309","+/-2,127",17.5,+/-0.3
DP05,5001800US0102,"Congressional District 2 (118th Congress), Alabama",24.3,,,,,
DP05,5001800US0102,"Congressional District 2 (118th Congress), Alabama",25,18 years and over,"550,990","+/-4,370","550,990",(X)
DP05,5001800US0102,"Congressional District 2 (118th Congress), Alabama",26,Male,"260,559","+/-2,831",47.3,+/-0.4
DP05,5001800US0102,"Congressional District 2 (118th Congress), Alabama",27,Female,"290,431","+/-3,089",52.7,+/-0.4
DP05,5001800US0102,"Congressional District 2 (118th Congress), Alabama",28,Sex ratio (males per 100 females),89.7,+/-1.3,(X),(X)
DP05,5001800US0102,"Congressional District 2 (118th Congress), Alabama",28.3,,,,,
DP05,5001800US0102,"Congressional District 2 (118th Congress), Alabama",29,65 years and over,"125,309","+/-2,127","125,309",(X)
DP05,5001800US0102,"Congressional District 2 (118th Congress), Alabama",30,Male,"54,456","+/-1,271",43.5,+/-0.9
DP05,5001800US0102,"Congressional District 2 (118th Congress), Alabama",31,Female,"70,853","+/-1,769",56.5,+/-0.9
DP05,5001800US0102,"Congressional District 2 (118th Congress), Alabama",32,Sex ratio (males per 100 females),76.9,+/-2.7,(X),(X)
DP05,5001800US0102,"Congressional District 2 (118th Congress), Alabama",32.3,,,,,
DP05,5001800US0102,"Congressional District 2 (118th Congress), Alabama",32.5,RACE,,,,
DP05,5001800US0102,"Congressional District 2 (118th Congress), Alabama",33,Total population,"716,212","+/-5,386","716,212",(X)
DP05,5001800US0102,"Congressional District 2 (118th Congress), Alabama",34,One race,"681,561","+/-7,487",95.2,+/-0.7
DP05,5001800US0102,"Congressional District 2 (118th Congress), Alabama",35,Two or more races,"34,651","+/-4,909",4.8,+/-0.7
DP05,5001800US0102,"Congressional District 2 (118th Congress), Alabama",35.3,,,,,
DP05,5001800US0102,"Congressional District 2 (118th Congress), Alabama",36,One race,"681,561","+/-7,487",95.2,+/-0.7
DP05,5001800US0102,"Congressional District 2 (118th Congress), Alabama",37,White,"433,395","+/-3,906",60.5,+/-0.6
DP05,5001800US0102,"Congressional District 2 (118th Congress), Alabama",38,Black or African American,"222,672","+/-6,661",31.1,+/-0.8
DP05,5001800US0102,"Congressional District 2 (118th Congress), Alabama",39,American Indian and Alaska Native,"1,938",+/-632,0.3,+/-0.1
DP05,5001800US0102,"Congressional District 2 (118th Congress), Alabama",40,Cherokee tribal grouping,(X),(X),(X),(X)
DP05,5001800US0102,"Congressional District 2 (118th Congress), Alabama",41,Chippewa tribal grouping,(X),(X),(X),(X)
DP05,5001800US0102,"Congressional District 2 (118th Congress), Alabama",42,Navajo tribal grouping,(X),(X),(X),(X)
DP05,5001800US0102,"Congressional District 2 (118th Congress), Alabama",43,Sioux tribal grouping,(X),(X),(X),(X)
DP05,5001800US0102,"Congressional District 2 (118th Congress), Alabama",44,Asian,"12,662","+/-1,839",1.8,+/-0.3
DP05,5001800US0102,"Congressional District 2 (118th Congress), Alabama",45,Asian Indian,"2,508","+/-1,209",0.4,+/-0.2
DP05,5001800US0102,"Congressional District 2 (118th Congress), Alabama",46,Chinese,842,+/-524,0.1,+/-0.1
DP05,5001800US0102,"Congressional District 2 (118th Congress), Alabama",47,Filipino,"1,196",+/-958,0.2,+/-0.1
DP05,5001800US0102,"Congressional District 2 (118th Congress), Alabama",48,Japanese,495,+/-486,0.1,+/-0.1
DP05,5001800US0102,"Congressional District 2 (118th Congress), Alabama",49,Korean,"5,507","+/-1,786",0.8,+/-0.3
DP05,5001800US0102,"Congressional District 2 (118th Congress), Alabama",50,Vietnamese,"1,648",+/-930,0.2,+/-0.1
DP05,5001800US0102,"Congressional District 2 (118th Congress), Alabama",51,Other Asian,466,+/-412,0.1,+/-0.1
DP05,5001800US0102,"Congressional District 2 (118th Congress), Alabama",52,Native Hawaiian and Other Pacific Islander,152,+/-144,0.0,+/-0.1
DP05,5001800US0102,"Congressional District 2 (118th Congress), Alabama",53,Native Hawaiian,N,N,N,N
DP05,5001800US0102,"Congressional District 2 (118th Congress), Alabama",54,Chamorro,N,N,N,N
DP05,5001800US0102,"Congressional District 2 (118th Congress), Alabama",55,Samoan,N,N,N,N
DP05,5001800US0102,"Congressional District 2 (118th Congress), Alabama",56,Other Pacific Islander,N,N,N,N
DP05,5001800US0102,"Congressional District 2 (118th Congress), Alabama",57,Some other race,"10,742","+/-2,550",1.5,+/-0.4
DP05,5001800US0102,"Congressional District 2 (118th Congress), Alabama",58,Two or more races,"34,651","+/-4,909",4.8,+/-0.7
DP05,5001800US0102,"Congressional District 2 (118th Congress), Alabama",59,White and Black or African American,"7,764","+/-2,686",1.1,+/-0.4
DP05,5001800US0102,"Congressional District 2 (118th Congress), Alabama",60,White and American Indian and Alaska Native,"5,913",+/-680,0.8,+/-0.1
DP05,5001800US0102,"Congressional District 2 (118th Congress), Alabama",61,White and Asian,"2,011",+/-679,0.3,+/-0.1
DP05,5001800US0102,"Congressional District 2 (118th Congress), Alabama",62,Black or African American and American Indian and Alaska Native,"1,090",+/-724,0.2,+/-0.1
DP05,5001800US0102,"Congressional District 2 (118th Congress), Alabama",62.3,,,,,
DP05,5001800US0102,"Congressional District 2 (118th Congress), Alabama",62.5,Race alone or in combination with one or more other races,,,,
DP05,5001800US0102,"Congressional District 2 (118th Congress), Alabama",63,Total population,"716,212","+/-5,386","716,212",(X)
DP05,5001800US0102,"Congressional District 2 (118th Congress), Alabama",64,White,"465,102","+/-4,813",64.9,+/-0.7
DP05,5001800US0102,"Congressional District 2 (118th Congress), Alabama",65,Black or African American,"234,120","+/-5,627",32.7,+/-0.6
DP05,5001800US0102,"Congressional District 2 (118th Congress), Alabama",66,American Indian and Alaska Native,"10,147","+/-1,343",1.4,+/-0.2
DP05,5001800US0102,"Congressional District 2 (118th Congress), Alabama",67,Asian,"15,734","+/-1,887",2.2,+/-0.3
DP05,5001800US0102,"Congressional District 2 (118th Congress), Alabama",68,Native Hawaiian and Other Pacific Islander,"1,445","+/-1,035",0.2,+/-0.1
DP05,5001800US0102,"Congressional District 2 (118th Congress), Alabama",69,Some other race,"26,474","+/-3,168",3.7,+/-0.4
DP05,5001800US0102,"Congressional District 2 (118th Congress), Alabama",69.3,,,,,
DP05,5001800US0102,"Congressional District 2 (118th Congress), Alabama",69.5,HISPANIC OR LATINO AND RACE,,,,
DP05,5001800US0102,"Congressional District 2 (118th Congress), Alabama",70,Total population,"716,212","+/-5,386","716,212",(X)
DP05,5001800US0102,"Congressional District 2 (118th Congress), Alabama",71,Hispanic or Latino (of any race),"29,072","+/-1,566",4.1,+/-0.2
DP05,5001800US0102,"Congressional District 2 (118th Congress), Alabama",72,Mexican,"18,554","+/-2,707",2.6,+/-0.4
DP05,5001800US0102,"Congressional District 2 (118th Congress), Alabama",73,Puerto Rican,"4,555","+/-1,766",0.6,+/-0.2
DP05,5001800US0102,"Congressional District 2 (118th Congress), Alabama",74,Cuban,479,+/-278,0.1,+/-0.1
DP05,5001800US0102,"Congressional District 2 (118th Congress), Alabama",75,Other Hispanic or Latino,"5,484","+/-1,886",0.8,+/-0.3
DP05,5001800US0102,"Congressional District 2 (118th Congress), Alabama",76,Not Hispanic or Latino,"687,140","+/-5,786",95.9,+/-0.2
DP05,5001800US0102,"Congressional District 2 (118th Congress), Alabama",77,White alone,"425,182","+/-3,732",59.4,+/-0.6
DP05,5001800US0102,"Congressional District 2 (118th Congress), Alabama",78,Black or African American alone,"220,951","+/-6,524",30.8,+/-0.8
DP05,5001800US0102,"Congressional District 2 (118th Congress), Alabama",79,American Indian and Alaska Native alone,"1,102",+/-331,0.2,+/-0.1
DP05,5001800US0102,"Congressional District 2 (118th Congress), Alabama",80,Asian alone,"12,620","+/-1,831",1.8,+/-0.3
DP05,5001800US0102,"Congressional District 2 (118th Congress), Alabama",81,Native Hawaiian and Other Pacific Islander alone,152,+/-144,0.0,+/-0.1
DP05,5001800US0102,"Congressional District 2 (118th Congress), Alabama",82,Some other race alone,"2,540","+/-1,170",0.4,+/-0.2
DP05,5001800US0102,"Congressional District 2 (118th Congress), Alabama",83,Two or more races,"24,593","+/-4,146",3.4,+/-0.6
DP05,5001800US0102,"Congressional District 2 (118th Congress), Alabama",84,Two races including Some other race,"5,944","+/-2,288",0.8,+/-0.3
DP05,5001800US0102,"Congressional District 2 (118th Congress), Alabama",85,"Two races excluding Some other race, and Three or more races","18,649","+/-3,319",2.6,+/-0.5
DP05,5001800US0102,"Congressional District 2 (118th Congress), Alabama",85.3,,,,,
DP05,5001800US0102,"Congressional District 2 (118th Congress), Alabama",86,Total housing units,"330,863","+/-2,668",(X),(X)
DP05,5001800US0102,"Congressional District 2 (118th Congress), Alabama",86.3,,,,,
DP05,5001800US0102,"Congressional District 2 (118th Congress), Alabama",86.5,"CITIZEN, VOTING AGE POPULATION",,,,
DP05,5001800US0102,"Congressional District 2 (118th Congress), Alabama",87,"Citizen, 18 and over population","539,010","+/-4,455","539,010",(X)
DP05,5001800US0102,"Congressional District 2 (118th Congress), Alabama",88,Male,"254,358","+/-3,101",47.2,+/-0.4
DP05,5001800US0102,"Congressional District 2 (118th Congress), Alabama",89,Female,"284,652","+/-3,206",52.8,+/-0.4
DP05,5001800US0103,"Congressional District 3 (118th Congress), Alabama",0,ACS DEMOGRAPHIC AND HOUSING ESTIMATES,,,,
DP05,5001800US0103,"Congressional District 3 (118th Congress), Alabama",0.5,,,,,
DP05,5001800US0103,"Congressional District 3 (118th Congress), Alabama",0.8,SEX AND AGE,,,,
DP05,5001800US0103,"Congressional District 3 (118th Congress), Alabama",1,Total population,"721,289","+/-3,041","721,289",(X)
DP05,5001800US0103,"Congressional District 3 (118th Congress), Alabama",2,Male,"352,436","+/-3,468",48.9,+/-0.4
DP05,5001800US0103,"Congressional District 3 (118th Congress), Alabama",3,Female,"368,853","+/-3,435",51.1,+/-0.4
DP05,5001800US0103,"Congressional District 3 (118th Congress), Alabama",4,Sex ratio (males per 100 females),95.5,+/-1.6,(X),(X)
DP05,5001800US0103,"Congressional District 3 (118th Congress), Alabama",4.3,,,,,
DP05,5001800US0103,"Congressional District 3 (118th Congress), Alabama",5,Under 5 years,"39,510","+/-1,600",5.5,+/-0.2
DP05,5001800US0103,"Congressional District 3 (118th Congress), Alabama",6,5 to 9 years,"40,835","+/-3,471",5.7,+/-0.5
DP05,5001800US0103,"Congressional District 3 (118th Congress), Alabama",7,10 to 14 years,"44,878","+/-4,074",6.2,+/-0.6
DP05,5001800US0103,"Congressional District 3 (118th Congress), Alabama",8,15 to 19 years,"54,384","+/-3,764",7.5,+/-0.5
DP05,5001800US0103,"Congressional District 3 (118th Congress), Alabama",9,20 to 24 years,"53,103","+/-2,454",7.4,+/-0.3
DP05,5001800US0103,"Congressional District 3 (118th Congress), Alabama",10,25 to 34 years,"85,709","+/-3,382",11.9,+/-0.5
DP05,5001800US0103,"Congressional District 3 (118th Congress), Alabama",11,35 to 44 years,"89,535","+/-3,475",12.4,+/-0.5
DP05,5001800US0103,"Congressional District 3 (118th Congress), Alabama",12,45 to 54 years,"90,312","+/-2,537",12.5,+/-0.3
DP05,5001800US0103,"Congressional District 3 (118th Congress), Alabama",13,55 to 59 years,"47,262","+/-3,403",6.6,+/-0.5
DP05,5001800US0103,"Congressional District 3 (118th Congress), Alabama",14,60 to 64 years,"49,618","+/-3,142",6.9,+/-0.4
DP05,5001800US0103,"Congressional District 3 (118th Congress), Alabama",15,65 to 74 years,"78,125","+/-1,771",10.8,+/-0.2
DP05,5001800US0103,"Congressional District 3 (118th Congress), Alabama",16,75 to 84 years,"39,234","+/-1,795",5.4,+/-0.3
DP05,5001800US0103,"Congressional District 3 (118th Congress), Alabama",17,85 years and over,"8,784","+/-1,364",1.2,+/-0.2
DP05,5001800US0103,"Congressional District 3 (118th Congress), Alabama",17.3,,,,,
DP05,5001800US0103,"Congressional District 3 (118th Congress), Alabama",18,Median age (years),40.0,+/-0.5,(X),(X)
DP05,5001800US0103,"Congressional District 3 (118th Congress), Alabama",18.3,,,,,
DP05,5001800US0103,"Congressional District 3 (118th Congress), Alabama",19,Under 18 years,"152,113","+/-1,510",21.1,+/-0.2
DP05,5001800US0103,"Congressional District 3 (118th Congress), Alabama",20,16 years and over,"586,235","+/-3,493",81.3,+/-0.3
DP05,5001800US0103,"Congressional District 3 (118th Congress), Alabama",21,18 years and over,"569,176","+/-2,765",78.9,+/-0.2
DP05,5001800US0103,"Congressional District 3 (118th Congress), Alabama",22,21 years and over,"527,335","+/-4,462",73.1,+/-0.5
DP05,5001800US0103,"Congressional District 3 (118th Congress), Alabama",23,62 years and over,"156,728","+/-3,109",21.7,+/-0.4
DP05,5001800US0103,"Congressional District 3 (118th Congress), Alabama",24,65 years and over,"126,143","+/-1,471",17.5,+/-0.2
DP05,5001800US0103,"Congressional District 3 (118th Congress), Alabama",24.3,,,,,
DP05,5001800US0103,"Congressional District 3 (118th Congress), Alabama",25,18 years and over,"569,176","+/-2,765","569,176",(X)
DP05,5001800US0103,"Congressional District 3 (118th Congress), Alabama",26,Male,"274,660","+/-1,953",48.3,+/-0.3
DP05,5001800US0103,"Congressional District 3 (118th Congress), Alabama",27,Female,"294,516","+/-2,269",51.7,+/-0.3
DP05,5001800US0103,"Congressional District 3 (118th Congress), Alabama",28,Sex ratio (males per 100 females),93.3,+/-1.0,(X),(X)
DP05,5001800US0103,"Congressional District 3 (118th Congress), Alabama",28.3,,,,,
DP05,5001800US0103,"Congressional District 3 (118th Congress), Alabama",29,65 years and over,"126,143","+/-1,471","126,143",(X)
DP05,5001800US0103,"Congressional District 3 (118th Congress), Alabama",30,Male,"55,915","+/-1,046",44.3,+/-0.6
DP05,5001800US0103,"Congressional District 3 (118th Congress), Alabama",31,Female,"70,228",+/-979,55.7,+/-0.6
DP05,5001800US0103,"Congressional District 3 (118th Congress), Alabama",32,Sex ratio (males per 100 females),79.6,+/-1.8,(X),(X)
DP05,5001800US0103,"Congressional District 3 (118th Congress), Alabama",32.3,,,,,
DP05,5001800US0103,"Congressional District 3 (118th Congress), Alabama",32.5,RACE,,,,
DP05,5001800US0103,"Congressional District 3 (118th Congress), Alabama",33,Total population,"721,289","+/-3,041","721,289",(X)
DP05,5001800US0103,"Congressional District 3 (118th Congress), Alabama",34,One race,"687,002","+/-5,949",95.2,+/-0.8
DP05,5001800US0103,"Congressional District 3 (118th Congress), Alabama",35,Two or more races,"34,287","+/-5,600",4.8,+/-0.8
DP05,5001800US0103,"Congressional District 3 (118th Congress), Alabama",35.3,,,,,
DP05,5001800US0103,"Congressional District 3 (118th Congress), Alabama",36,One race,"687,002","+/-5,949",95.2,+/-0.8
DP05,5001800US0103,"Congressional District 3 (118th Congress), Alabama",37,White,"489,586","+/-3,094",67.9,+/-0.4
DP05,5001800US0103,"Congressional District 3 (118th Congress), Alabama",38,Black or African American,"176,643","+/-5,853",24.5,+/-0.8
DP05,5001800US0103,"Congressional District 3 (118th Congress), Alabama",39,American Indian and Alaska Native,"2,005","+/-1,192",0.3,+/-0.2
DP05,5001800US0103,"Congressional District 3 (118th Congress), Alabama",40,Cherokee tribal grouping,(X),(X),(X),(X)
DP05,5001800US0103,"Congressional District 3 (118th Congress), Alabama",41,Chippewa tribal grouping,(X),(X),(X),(X)
DP05,5001800US0103,"Congressional District 3 (118th Congress), Alabama",42,Navajo tribal grouping,(X),(X),(X),(X)
DP05,5001800US0103,"Congressional District 3 (118th Congress), Alabama",43,Sioux tribal grouping,(X),(X),(X),(X)
DP05,5001800US0103,"Congressional District 3 (118th Congress), Alabama",44,Asian,"9,644",+/-674,1.3,+/-0.1
DP05,5001800US0103,"Congressional District 3 (118th Congress), Alabama",45,Asian Indian,"1,351",+/-754,0.2,+/-0.1
DP05,5001800US0103,"Congressional District 3 (118th Congress), Alabama",46,Chinese,"1,633",+/-836,0.2,+/-0.1
DP05,5001800US0103,"Congressional District 3 (118th Congress), Alabama",47,Filipino,"1,003",+/-595,0.1,+/-0.1
DP05,5001800US0103,"Congressional District 3 (118th Congress), Alabama",48,Japanese,188,+/-152,0.0,+/-0.1
DP05,5001800US0103,"Congressional District 3 (118th Congress), Alabama",49,Korean,"3,768","+/-1,320",0.5,+/-0.2
DP05,5001800US0103,"Congressional District 3 (118th Congress), Alabama",50,Vietnamese,557,+/-440,0.1,+/-0.1
DP05,5001800US0103,"Congressional District 3 (118th Congress), Alabama",51,Other Asian,"1,144",+/-867,0.2,+/-0.1
DP05,5001800US0103,"Congressional District 3 (118th Congress), Alabama",52,Native Hawaiian and Other Pacific Islander,0,+/-216,0.0,+/-0.1
DP05,5001800US0103,"Congressional District 3 (118th Congress), Alabama",53,Native Hawaiian,N,N,N,N
DP05,5001800US0103,"Congressional District 3 (118th Congress), Alabama",54,Chamorro,N,N,N,N
DP05,5001800US0103,"Congressional District 3 (118th Congress), Alabama",55,Samoan,N,N,N,N
DP05,5001800US0103,"Congressional District 3 (118th Congress), Alabama",56,Other Pacific Islander,N,N,N,N
DP05,5001800US0103,"Congressional District 3 (118th Congress), Alabama",57,Some other race,"9,124","+/-2,220",1.3,+/-0.3
DP05,5001800US0103,"Congressional District 3 (118th Congress), Alabama",58,Two or more races,"34,287","+/-5,600",4.8,+/-0.8
DP05,5001800US0103,"Congressional District 3 (118th Congress), Alabama",59,White and Black or African American,"7,012","+/-2,568",1.0,+/-0.4
DP05,5001800US0103,"Congressional District 3 (118th Congress), Alabama",60,White and American Indian and Alaska Native,"10,489","+/-2,880",1.5,+/-0.4
DP05,5001800US0103,"Congressional District 3 (118th Congress), Alabama",61,White and Asian,"1,568","+/-1,039",0.2,+/-0.1
DP05,5001800US0103,"Congressional District 3 (118th Congress), Alabama",62,Black or African American and American Indian and Alaska Native,573,+/-677,0.1,+/-0.1
DP05,5001800US0103,"Congressional District 3 (118th Congress), Alabama",62.3,,,,,
DP05,5001800US0103,"Congressional District 3 (118th Congress), Alabama",62.5,Race alone or in combination with one or more other races,,,,
DP05,5001800US0103,"Congressional District 3 (118th Congress), Alabama",63,Total population,"721,289","+/-3,041","721,289",(X)
DP05,5001800US0103,"Congressional District 3 (118th Congress), Alabama",64,White,"519,654","+/-6,055",72.0,+/-0.8
DP05,5001800US0103,"Congressional District 3 (118th Congress), Alabama",65,Black or African American,"189,161","+/-4,061",26.2,+/-0.6
DP05,5001800US0103,"Congressional District 3 (118th Congress), Alabama",66,American Indian and Alaska Native,"14,584","+/-3,643",2.0,+/-0.5
DP05,5001800US0103,"Congressional District 3 (118th Congress), Alabama",67,Asian,"12,760","+/-1,544",1.8,+/-0.2
DP05,5001800US0103,"Congressional District 3 (118th Congress), Alabama",68,Native Hawaiian and Other Pacific Islander,N,N,N,N
DP05,5001800US0103,"Congressional District 3 (118th Congress), Alabama",69,Some other race,"21,964","+/-2,579",3.0,+/-0.4
DP05,5001800US0103,"Congressional District 3 (118th Congress), Alabama",69.3,,,,,
DP05,5001800US0103,"Congressional District 3 (118th Congress), Alabama",69.5,HISPANIC OR LATINO AND RACE,,,,
DP05,5001800US0103,"Congressional District 3 (118th Congress), Alabama",70,Total population,"721,289","+/-3,041","721,289",(X)
DP05,5001800US0103,"Congressional District 3 (118th Congress), Alabama",71,Hispanic or Latino (of any race),"22,960","+/-1,223",3.2,+/-0.2
DP05,5001800US0103,"Congressional District 3 (118th Congress), Alabama",72,Mexican,"11,728","+/-1,817",1.6,+/-0.3
DP05,5001800US0103,"Congressional District 3 (118th Congress), Alabama",73,Puerto Rican,"3,998","+/-1,893",0.6,+/-0.3
DP05,5001800US0103,"Congressional District 3 (118th Congress), Alabama",74,Cuban,766,"+/-1,040",0.1,+/-0.1
DP05,5001800US0103,"Congressional District 3 (118th Congress), Alabama",75,Other Hispanic or Latino,"6,468","+/-2,190",0.9,+/-0.3
DP05,5001800US0103,"Congressional District 3 (118th Congress), Alabama",76,Not Hispanic or Latino,"698,329","+/-3,382",96.8,+/-0.2
DP05,5001800US0103,"Congressional District 3 (118th Congress), Alabama",77,White alone,"485,374","+/-2,703",67.3,+/-0.3
DP05,5001800US0103,"Congressional District 3 (118th Congress), Alabama",78,Black or African American alone,"175,450","+/-5,811",24.3,+/-0.8
DP05,5001800US0103,"Congressional District 3 (118th Congress), Alabama",79,American Indian and Alaska Native alone,"1,437","+/-1,104",0.2,+/-0.2
DP05,5001800US0103,"Congressional District 3 (118th Congress), Alabama",80,Asian alone,"9,562",+/-658,1.3,+/-0.1
DP05,5001800US0103,"Congressional District 3 (118th Congress), Alabama",81,Native Hawaiian and Other Pacific Islander alone,0,+/-216,0.0,+/-0.1
DP05,5001800US0103,"Congressional District 3 (118th Congress), Alabama",82,Some other race alone,"2,665","+/-1,418",0.4,+/-0.2
DP05,5001800US0103,"Congressional District 3 (118th Congress), Alabama",83,Two or more races,"23,841","+/-5,229",3.3,+/-0.7
DP05,5001800US0103,"Congressional District 3 (118th Congress), Alabama",84,Two races including Some other race,"2,490","+/-1,120",0.3,+/-0.2
DP05,5001800US0103,"Congressional District 3 (118th Congress), Alabama",85,"Two races excluding Some other race, and Three or more races","21,351","+/-5,091",3.0,+/-0.7
DP05,5001800US0103,"Congressional District 3 (118th Congress), Alabama",85.3,,,,,
DP05,5001800US0103,"Congressional District 3 (118th Congress), Alabama",86,Total housing units,"337,033","+/-1,686",(X),(X)
DP05,5001800US0103,"Congressional District 3 (118th Congress), Alabama",86.3,,,,,
DP05,5001800US0103,"Congressional District 3 (118th Congress), Alabama",86.5,"CITIZEN, VOTING AGE POPULATION",,,,
DP05,5001800US0103,"Congressional District 3 (118th Congress), Alabama",87,"Citizen, 18 and over population","558,552","+/-3,270","558,552",(X)
DP05,5001800US0103,"Congressional District 3 (118th Congress), Alabama",88,Male,"269,129","+/-2,282",48.2,+/-0.3
DP05,5001800US0103,"Congressional District 3 (118th Congress), Alabama",89,Female,"289,423","+/-2,299",51.8,+/-0.3
DP05,5001800US0104,"Congressional District 4 (118th Congress), Alabama",0,ACS DEMOGRAPHIC AND HOUSING ESTIMATES,,,,
DP05,5001800US0104,"Congressional District 4 (118th Congress), Alabama",0.5,,,,,
DP05,5001800US0104,"Congressional District 4 (118th Congress), Alabama",0.8,SEX AND AGE,,,,
DP05,5001800US0104,"Congressional District 4 (118th Congress), Alabama",1,Total population,"723,070","+/-5,883","723,070",(X)
DP05,5001800US0104,"Congressional District 4 (118th Congress), Alabama",2,Male,"353,433","+/-4,425",48.9,+/-0.5
DP05,5001800US0104,"Congressional District 4 (118th Congress), Alabama",3,Female,"369,637","+/-4,436",51.1,+/-0.5
DP05,5001800US0104,"Congressional District 4 (118th Congress), Alabama",4,Sex ratio (males per 100 females),95.6,+/-1.8,(X),(X)
DP05,5001800US0104,"Congressional District 4 (118th Congress), Alabama",4.3,,,,,
DP05,5001800US0104,"Congressional District 4 (118th Congress), Alabama",5,Under 5 years,"45,914","+/-2,496",6.3,+/-0.3
DP05,5001800US0104,"Congressional District 4 (118th Congress), Alabama",6,5 to 9 years,"45,339","+/-3,270",6.3,+/-0.4
DP05,5001800US0104,"Congressional District 4 (118th Congress), Alabama",7,10 to 14 years,"46,202","+/-3,451",6.4,+/-0.5
DP05,5001800US0104,"Congressional District 4 (118th Congress), Alabama",8,15 to 19 years,"44,816","+/-2,558",6.2,+/-0.3
DP05,5001800US0104,"Congressional District 4 (118th Congress), Alabama",9,20 to 24 years,"42,760","+/-2,716",5.9,+/-0.4
DP05,5001800US0104,"Congressional District 4 (118th Congress), Alabama",10,25 to 34 years,"85,472","+/-3,881",11.8,+/-0.5
DP05,5001800US0104,"Congressional District 4 (118th Congress), Alabama",11,35 to 44 years,"88,285","+/-3,861",12.2,+/-0.5
DP05,5001800US0104,"Congressional District 4 (118th Congress), Alabama",12,45 to 54 years,"90,753","+/-2,929",12.6,+/-0.4
DP05,5001800US0104,"Congressional District 4 (118th Congress), Alabama",13,55 to 59 years,"50,067","+/-3,054",6.9,+/-0.4
DP05,5001800US0104,"Congressional District 4 (118th Congress), Alabama",14,60 to 64 years,"49,460","+/-3,217",6.8,+/-0.4
DP05,5001800US0104,"Congressional District 4 (118th Congress), Alabama",15,65 to 74 years,"81,684","+/-2,095",11.3,+/-0.3
DP05,5001800US0104,"Congressional District 4 (118th Congress), Alabama",16,75 to 84 years,"40,315","+/-2,334",5.6,+/-0.3
DP05,5001800US0104,"Congressional District 4 (118th Congress), Alabama",17,85 years and over,"12,003","+/-1,685",1.7,+/-0.2
DP05,5001800US0104,"Congressional District 4 (118th Congress), Alabama",17.3,,,,,
DP05,5001800US0104,"Congressional District 4 (118th Congress), Alabama",18,Median age (years),40.5,+/-0.5,(X),(X)
DP05,5001800US0104,"Congressional District 4 (118th Congress), Alabama",18.3,,,,,
DP05,5001800US0104,"Congressional District 4 (118th Congress), Alabama",19,Under 18 years,"165,303","+/-3,653",22.9,+/-0.4
DP05,5001800US0104,"Congressional District 4 (118th Congress), Alabama",20,16 years and over,"575,136","+/-4,579",79.5,+/-0.4
DP05,5001800US0104,"Congressional District 4 (118th Congress), Alabama",21,18 years and over,"557,767","+/-4,239",77.1,+/-0.4
DP05,5001800US0104,"Congressional District 4 (118th Congress), Alabama",22,21 years and over,"531,364","+/-4,705",73.5,+/-0.5
DP05,5001800US0104,"Congressional District 4 (118th Congress), Alabama",23,62 years and over,"164,997","+/-3,308",22.8,+/-0.5
DP05,5001800US0104,"Congressional District 4 (118th Congress), Alabama",24,65 years and over,"134,002","+/-2,371",18.5,+/-0.4
DP05,5001800US0104,"Congressional District 4 (118th Congress), Alabama",24.3,,,,,
DP05,5001800US0104,"Congressional District 4 (118th Congress), Alabama",25,18 years and over,"557,767","+/-4,239","557,767",(X)
DP05,5001800US0104,"Congressional District 4 (118th Congress), Alabama",26,Male,"269,397","+/-2,846",48.3,+/-0.4
DP05,5001800US0104,"Congressional District 4 (118th Congress), Alabama",27,Female,"288,370","+/-3,175",51.7,+/-0.4
DP05,5001800US0104,"Congressional District 4 (118th Congress), Alabama",28,Sex ratio (males per 100 females),93.4,+/-1.4,(X),(X)
DP05,5001800US0104,"Congressional District 4 (118th Congress), Alabama",28.3,,,,,
DP05,5001800US0104,"Congressional District 4 (118th Congress), Alabama",29,65 years and over,"134,002","+/-2,371","134,002",(X)
DP05,5001800US0104,"Congressional District 4 (118th Congress), Alabama",30,Male,"59,392","+/-1,326",44.3,+/-0.6
DP05,5001800US0104,"Congressional District 4 (118th Congress), Alabama",31,Female,"74,610","+/-1,541",55.7,+/-0.6
DP05,5001800US0104,"Congressional District 4 (118th Congress), Alabama",32,Sex ratio (males per 100 females),79.6,+/-1.9,(X),(X)
DP05,5001800US0104,"Congressional District 4 (118th Congress), Alabama",32.3,,,,,
DP05,5001800US0104,"Congressional District 4 (118th Congress), Alabama",32.5,RACE,,,,
DP05,5001800US0104,"Congressional District 4 (118th Congress), Alabama",33,Total population,"723,070","+/-5,883","723,070",(X)
DP05,5001800US0104,"Congressional District 4 (118th Congress), Alabama",34,One race,"686,296","+/-7,474",94.9,+/-0.6
DP05,5001800US0104,"Congressional District 4 (118th Congress), Alabama",35,Two or more races,"36,774","+/-4,285",5.1,+/-0.6
DP05,5001800US0104,"Congressional District 4 (118th Congress), Alabama",35.3,,,,,
DP05,5001800US0104,"Congressional District 4 (118th Congress), Alabama",36,One race,"686,296","+/-7,474",94.9,+/-0.6
DP05,5001800US0104,"Congressional District 4 (118th Congress), Alabama",37,White,"596,818","+/-6,528",82.5,+/-0.6
DP05,5001800US0104,"Congressional District 4 (118th Congress), Alabama",38,Black or African American,"49,282","+/-3,962",6.8,+/-0.5
DP05,5001800US0104,"Congressional District 4 (118th Congress), Alabama",39,American Indian and Alaska Native,"7,945","+/-3,536",1.1,+/-0.5
DP05,5001800US0104,"Congressional District 4 (118th Congress), Alabama",40,Cherokee tribal grouping,(X),(X),(X),(X)
DP05,5001800US0104,"Congressional District 4 (118th Congress), Alabama",41,Chippewa tribal grouping,(X),(X),(X),(X)
DP05,5001800US0104,"Congressional District 4 (118th Congress), Alabama",42,Navajo tribal grouping,(X),(X),(X),(X)
DP05,5001800US0104,"Congressional District 4 (118th Congress), Alabama",43,Sioux tribal grouping,(X),(X),(X),(X)
DP05,5001800US0104,"Congressional District 4 (118th Congress), Alabama",44,Asian,"4,083","+/-1,172",0.6,+/-0.2
DP05,5001800US0104,"Congressional District 4 (118th Congress), Alabama",45,Asian Indian,234,+/-275,0.0,+/-0.1
DP05,5001800US0104,"Congressional District 4 (118th Congress), Alabama",46,Chinese,715,+/-249,0.1,+/-0.1
DP05,5001800US0104,"Congressional District 4 (118th Congress), Alabama",47,Filipino,632,+/-437,0.1,+/-0.1
DP05,5001800US0104,"Congressional District 4 (118th Congress), Alabama",48,Japanese,499,+/-496,0.1,+/-0.1
DP05,5001800US0104,"Congressional District 4 (118th Congress), Alabama",49,Korean,"1,103",+/-968,0.2,+/-0.1
DP05,5001800US0104,"Congressional District 4 (118th Congress), Alabama",50,Vietnamese,281,+/-363,0.0,+/-0.1
DP05,5001800US0104,"Congressional District 4 (118th Congress), Alabama",51,Other Asian,619,+/-557,0.1,+/-0.1
DP05,5001800US0104,"Congressional District 4 (118th Congress), Alabama",52,Native Hawaiian and Other Pacific Islander,43,+/-66,0.0,+/-0.1
DP05,5001800US0104,"Congressional District 4 (118th Congress), Alabama",53,Native Hawaiian,N,N,N,N
DP05,5001800US0104,"Congressional District 4 (118th Congress), Alabama",54,Chamorro,N,N,N,N
DP05,5001800US0104,"Congressional District 4 (118th Congress), Alabama",55,Samoan,N,N,N,N
DP05,5001800US0104,"Congressional District 4 (118th Congress), Alabama",56,Other Pacific Islander,N,N,N,N
DP05,5001800US0104,"Congressional District 4 (118th Congress), Alabama",57,Some other race,"28,125","+/-4,882",3.9,+/-0.7
DP05,5001800US0104,"Congressional District 4 (118th Congress), Alabama",58,Two or more races,"36,774","+/-4,285",5.1,+/-0.6
DP05,5001800US0104,"Congressional District 4 (118th Congress), Alabama",59,White and Black or African American,"5,748","+/-1,987",0.8,+/-0.3
DP05,5001800US0104,"Congressional District 4 (118th Congress), Alabama",60,White and American Indian and Alaska Native,"9,301","+/-1,320",1.3,+/-0.2
DP05,5001800US0104,"Congressional District 4 (118th Congress), Alabama",61,White and Asian,"2,778","+/-1,388",0.4,+/-0.2
DP05,5001800US0104,"Congressional District 4 (118th Congress), Alabama",62,Black or African American and American Indian and Alaska Native,299,+/-443,0.0,+/-0.1
DP05,5001800US0104,"Congressional District 4 (118th Congress), Alabama",62.3,,,,,
DP05,5001800US0104,"Congressional District 4 (118th Congress), Alabama",62.5,Race alone or in combination with one or more other races,,,,
DP05,5001800US0104,"Congressional District 4 (118th Congress), Alabama",63,Total population,"723,070","+/-5,883","723,070",(X)
DP05,5001800US0104,"Congressional District 4 (118th Congress), Alabama",64,White,"632,142","+/-7,359",87.4,+/-0.8
DP05,5001800US0104,"Congressional District 4 (118th Congress), Alabama",65,Black or African American,"57,158","+/-3,530",7.9,+/-0.5
DP05,5001800US0104,"Congressional District 4 (118th Congress), Alabama",66,American Indian and Alaska Native,"19,407","+/-3,732",2.7,+/-0.5
DP05,5001800US0104,"Congressional District 4 (118th Congress), Alabama",67,Asian,"7,279","+/-1,911",1.0,+/-0.3
DP05,5001800US0104,"Congressional District 4 (118th Congress), Alabama",68,Native Hawaiian and Other Pacific Islander,691,+/-600,0.1,+/-0.1
DP05,5001800US0104,"Congressional District 4 (118th Congress), Alabama",69,Some other race,"45,272","+/-4,360",6.3,+/-0.6
DP05,5001800US0104,"Congressional District 4 (118th Congress), Alabama",69.3,,,,,
DP05,5001800US0104,"Congressional District 4 (118th Congress), Alabama",69.5,HISPANIC OR LATINO AND RACE,,,,
DP05,5001800US0104,"Congressional District 4 (118th Congress), Alabama",70,Total population,"723,070","+/-5,883","723,070",(X)
DP05,5001800US0104,"Congressional District 4 (118th Congress), Alabama",71,Hispanic or Latino (of any race),"52,766","+/-1,159",7.3,+/-0.2
DP05,5001800US0104,"Congressional District 4 (118th Congress), Alabama",72,Mexican,"37,454","+/-3,103",5.2,+/-0.4
DP05,5001800US0104,"Congressional District 4 (118th Congress), Alabama",73,Puerto Rican,"2,002","+/-1,015",0.3,+/-0.1
DP05,5001800US0104,"Congressional District 4 (118th Congress), Alabama",74,Cuban,"1,322",+/-871,0.2,+/-0.1
DP05,5001800US0104,"Congressional District 4 (118th Congress), Alabama",75,Other Hispanic or Latino,"11,988","+/-3,189",1.7,+/-0.4
DP05,5001800US0104,"Congressional District 4 (118th Congress), Alabama",76,Not Hispanic or Latino,"670,304","+/-6,068",92.7,+/-0.2
DP05,5001800US0104,"Congressional District 4 (118th Congress), Alabama",77,White alone,"588,523","+/-5,763",81.4,+/-0.4
DP05,5001800US0104,"Congressional District 4 (118th Congress), Alabama",78,Black or African American alone,"49,179","+/-3,966",6.8,+/-0.5
DP05,5001800US0104,"Congressional District 4 (118th Congress), Alabama",79,American Indian and Alaska Native alone,"3,588",+/-982,0.5,+/-0.1
DP05,5001800US0104,"Congressional District 4 (118th Congress), Alabama",80,Asian alone,"4,073","+/-1,172",0.6,+/-0.2
DP05,5001800US0104,"Congressional District 4 (118th Congress), Alabama",81,Native Hawaiian and Other Pacific Islander alone,43,+/-66,0.0,+/-0.1
DP05,5001800US0104,"Congressional District 4 (118th Congress), Alabama",82,Some other race alone,"1,897","+/-1,535",0.3,+/-0.2
DP05,5001800US0104,"Congressional District 4 (118th Congress), Alabama",83,Two or more races,"23,001","+/-3,174",3.2,+/-0.4
DP05,5001800US0104,"Congressional District 4 (118th Congress), Alabama",84,Two races including Some other race,"3,219","+/-1,109",0.4,+/-0.2
DP05,5001800US0104,"Congressional District 4 (118th Congress), Alabama",85,"Two races excluding Some other race, and Three or more races","19,782","+/-2,889",2.7,+/-0.4
DP05,5001800US0104,"Congressional District 4 (118th Congress), Alabama",85.3,,,,,
DP05,5001800US0104,"Congressional District 4 (118th Congress), Alabama",86,Total housing units,"326,876","+/-2,418",(X),(X)
DP05,5001800US0104,"Congressional District 4 (118th Congress), Alabama",86.3,,,,,
DP05,5001800US0104,"Congressional District 4 (118th Congress), Alabama",86.5,"CITIZEN, VOTING AGE POPULATION",,,,
DP05,5001800US0104,"Congressional District 4 (118th Congress), Alabama",87,"Citizen, 18 and over population","541,258","+/-4,602","541,258",(X)
DP05,5001800US0104,"Congressional District 4 (118th Congress), Alabama",88,Male,"260,374","+/-3,013",48.1,+/-0.4
DP05,5001800US0104,"Congressional District 4 (118th Congress), Alabama",89,Female,"280,884","+/-3,279",51.9,+/-0.4
DP05,5001800US0105,"Congressional District 5 (118th Congress), Alabama",0,ACS DEMOGRAPHIC AND HOUSING ESTIMATES,,,,
DP05,5001800US0105,"Congressional District 5 (118th Congress), Alabama",0.5,,,,,
DP05,5001800US0105,"Congressional District 5 (118th Congress), Alabama",0.8,SEX AND AGE,,,,
DP05,5001800US0105,"Congressional District 5 (118th Congress), Alabama",1,Total population,"729,384","+/-3,408","729,384",(X)
DP05,5001800US0105,"Congressional District 5 (118th Congress), Alabama",2,Male,"359,010","+/-2,766",49.2,+/-0.3
DP05,5001800US0105,"Congressional District 5 (118th Congress), Alabama",3,Female,"370,374","+/-2,772",50.8,+/-0.3
DP05,5001800US0105,"Congressional District 5 (118th Congress), Alabama",4,Sex ratio (males per 100 females),96.9,+/-1.2,(X),(X)
DP05,5001800US0105,"Congressional District 5 (118th Congress), Alabama",4.3,,,,,
DP05,5001800US0105,"Congressional District 5 (118th Congress), Alabama",5,Under 5 years,"37,683","+/-1,050",5.2,+/-0.1
DP05,5001800US0105,"Congressional District 5 (118th Congress), Alabama",6,5 to 9 years,"39,197","+/-3,296",5.4,+/-0.5
DP05,5001800US0105,"Congressional District 5 (118th Congress), Alabama",7,10 to 14 years,"51,968","+/-3,568",7.1,+/-0.5
DP05,5001800US0105,"Congressional District 5 (118th Congress), Alabama",8,15 to 19 years,"46,767","+/-2,800",6.4,+/-0.4
DP05,5001800US0105,"Congressional District 5 (118th Congress), Alabama",9,20 to 24 years,"44,089","+/-2,429",6.0,+/-0.3
DP05,5001800US0105,"Congressional District 5 (118th Congress), Alabama",10,25 to 34 years,"92,389","+/-3,162",12.7,+/-0.4
DP05,5001800US0105,"Congressional District 5 (118th Congress), Alabama",11,35 to 44 years,"98,068","+/-3,146",13.4,+/-0.4
DP05,5001800US0105,"Congressional District 5 (118th Congress), Alabama",12,45 to 54 years,"91,868","+/-2,416",12.6,+/-0.3
DP05,5001800US0105,"Congressional District 5 (118th Congress), Alabama",13,55 to 59 years,"51,514","+/-3,580",7.1,+/-0.5
DP05,5001800US0105,"Congressional District 5 (118th Congress), Alabama",14,60 to 64 years,"51,294","+/-3,518",7.0,+/-0.5
DP05,5001800US0105,"Congressional District 5 (118th Congress), Alabama",15,65 to 74 years,"74,694","+/-1,919",10.2,+/-0.3
DP05,5001800US0105,"Congressional District 5 (118th Congress), Alabama",16,75 to 84 years,"37,413","+/-2,168",5.1,+/-0.3
DP05,5001800US0105,"Congressional District 5 (118th Congress), Alabama",17,85 years and over,"12,440","+/-1,865",1.7,+/-0.3
DP05,5001800US0105,"Congressional District 5 (118th Congress), Alabama",17.3,,,,,
DP05,5001800US0105,"Congressional District 5 (118th Congress), Alabama",18,Median age (years),40.5,+/-0.5,(X),(X)
DP05,5001800US0105,"Congressional District 5 (118th Congress), Alabama",18.3,,,,,
DP05,5001800US0105,"Congressional District 5 (118th Congress), Alabama",19,Under 18 years,"157,595","+/-1,600",21.6,+/-0.2
DP05,5001800US0105,"Congressional District 5 (118th Congress), Alabama",20,16 years and over,"590,535","+/-3,237",81.0,+/-0.3
DP05,5001800US0105,"Congressional District 5 (118th Congress), Alabama",21,18 years and over,"571,789","+/-2,817",78.4,+/-0.2
DP05,5001800US0105,"Congressional District 5 (118th Congress), Alabama",22,21 years and over,"544,275","+/-4,103",74.6,+/-0.4
DP05,5001800US0105,"Congressional District 5 (118th Congress), Alabama",23,62 years and over,"152,750","+/-2,940",20.9,+/-0.4
DP05,5001800US0105,"Congressional District 5 (118th Congress), Alabama",24,65 years and over,"124,547","+/-1,721",17.1,+/-0.2
DP05,5001800US0105,"Congressional District 5 (118th Congress), Alabama",24.3,,,,,
DP05,5001800US0105,"Congressional District 5 (118th Congress), Alabama",25,18 years and over,"571,789","+/-2,817","571,789",(X)
DP05,5001800US0105,"Congressional District 5 (118th Congress), Alabama",26,Male,"279,208","+/-1,825",48.8,+/-0.2
DP05,5001800US0105,"Congressional District 5 (118th Congress), Alabama",27,Female,"292,581","+/-1,854",51.2,+/-0.2
DP05,5001800US0105,"Congressional District 5 (118th Congress), Alabama",28,Sex ratio (males per 100 females),95.4,+/-0.8,(X),(X)
DP05,5001800US0105,"Congressional District 5 (118th Congress), Alabama",28.3,,,,,
DP05,5001800US0105,"Congressional District 5 (118th Congress), Alabama",29,65 years and over,"124,547","+/-1,721","124,547",(X)
DP05,5001800US0105,"Congressional District 5 (118th Congress), Alabama",30,Male,"54,646","+/-1,011",43.9,+/-0.5
DP05,5001800US0105,"Congressional District 5 (118th Congress), Alabama",31,Female,"69,901","+/-1,154",56.1,+/-0.5
DP05,5001800US0105,"Congressional District 5 (118th Congress), Alabama",32,Sex ratio (males per 100 females),78.2,+/-1.7,(X),(X)
DP05,5001800US0105,"Congressional District 5 (118th Congress), Alabama",32.3,,,,,
DP05,5001800US0105,"Congressional District 5 (118th Congress), Alabama",32.5,RACE,,,,
DP05,5001800US0105,"Congressional District 5 (118th Congress), Alabama",33,Total population,"729,384","+/-3,408","729,384",(X)
DP05,5001800US0105,"Congressional District 5 (118th Congress), Alabama",34,One race,"673,865","+/-7,425",92.4,+/-0.8
DP05,5001800US0105,"Congressional District 5 (118th Congress), Alabama",35,Two or more races,"55,519","+/-6,075",7.6,+/-0.8
DP05,5001800US0105,"Congressional District 5 (118th Congress), Alabama",35.3,,,,,
DP05,5001800US0105,"Congressional District 5 (118th Congress), Alabama",36,One race,"673,865","+/-7,425",92.4,+/-0.8
DP05,5001800US0105,"Congressional District 5 (118th Congress), Alabama",37,White,"522,283","+/-4,469",71.6,+/-0.5
DP05,5001800US0105,"Congressional District 5 (118th Congress), Alabama",38,Black or African American,"121,640","+/-4,716",16.7,+/-0.6
DP05,5001800US0105,"Congressional District 5 (118th Congress), Alabama",39,American Indian and Alaska Native,"3,937","+/-1,155",0.5,+/-0.2
DP05,5001800US0105,"Congressional District 5 (118th Congress), Alabama",40,Cherokee tribal grouping,(X),(X),(X),(X)
DP05,5001800US0105,"Congressional District 5 (118th Congress), Alabama",41,Chippewa tribal grouping,(X),(X),(X),(X)
DP05,5001800US0105,"Congressional District 5 (118th Congress), Alabama",42,Navajo tribal grouping,(X),(X),(X),(X)
DP05,5001800US0105,"Congressional District 5 (118th Congress), Alabama",43,Sioux tribal grouping,(X),(X),(X),(X)
DP05,5001800US0105,"Congressional District 5 (118th Congress), Alabama",44,Asian,"10,312","+/-1,843",1.4,+/-0.3
DP05,5001800US0105,"Congressional District 5 (118th Congress), Alabama",45,Asian Indian,"2,239","+/-1,157",0.3,+/-0.2
DP05,5001800US0105,"Congressional District 5 (118th Congress), Alabama",46,Chinese,"2,029",+/-939,0.3,+/-0.1
DP05,5001800US0105,"Congressional District 5 (118th Congress), Alabama",47,Filipino,"1,225",+/-907,0.2,+/-0.1
DP05,5001800US0105,"Congressional District 5 (118th Congress), Alabama",48,Japanese,504,+/-577,0.1,+/-0.1
DP05,5001800US0105,"Congressional District 5 (118th Congress), Alabama",49,Korean,"1,209",+/-723,0.2,+/-0.1
DP05,5001800US0105,"Congressional District 5 (118th Congress), Alabama",50,Vietnamese,"1,882",+/-871,0.3,+/-0.1
DP05,5001800US0105,"Congressional District 5 (118th Congress), Alabama",51,Other Asian,"1,224",+/-661,0.2,+/-0.1
DP05,5001800US0105,"Congressional District 5 (118th Congress), Alabama",52,Native Hawaiian and Other Pacific Islander,"1,132",+/-860,0.2,+/-0.1
DP05,5001800US0105,"Congressional District 5 (118th Congress), Alabama",53,Native Hawaiian,N,N,N,N
DP05,5001800US0105,"Congressional District 5 (118th Congress), Alabama",54,Chamorro,N,N,N,N
DP05,5001800US0105,"Congressional District 5 (118th Congress), Alabama",55,Samoan,N,N,N,N
DP05,5001800US0105,"Congressional District 5 (118th Congress), Alabama",56,Other Pacific Islander,N,N,N,N
DP05,5001800US0105,"Congressional District 5 (118th Congress), Alabama",57,Some other race,"14,561","+/-3,675",2.0,+/-0.5
DP05,5001800US0105,"Congressional District 5 (118th Congress), Alabama",58,Two or more races,"55,519","+/-6,075",7.6,+/-0.8
DP05,5001800US0105,"Congressional District 5 (118th Congress), Alabama",59,White and Black or African American,"6,667","+/-2,262",0.9,+/-0.3
DP05,5001800US0105,"Congressional District 5 (118th Congress), Alabama",60,White and American Indian and Alaska Native,"12,572","+/-2,144",1.7,+/-0.3
DP05,5001800US0105,"Congressional District 5 (118th Congress), Alabama",61,White and Asian,"6,276","+/-1,801",0.9,+/-0.2
DP05,5001800US0105,"Congressional District 5 (118th Congress), Alabama",62,Black or African American and American Indian and Alaska Native,"4,077","+/-2,074",0.6,+/-0.3
DP05,5001800US0105,"Congressional District 5 (118th Congress), Alabama",62.3,,,,,
DP05,5001800US0105,"Congressional District 5 (118th Congress), Alabama",62.5,Race alone or in combination with one or more other races,,,,
DP05,5001800US0105,"Congressional District 5 (118th Congress), Alabama",63,Total population,"729,384","+/-3,408","729,384",(X)
DP05,5001800US0105,"Congressional District 5 (118th Congress), Alabama",64,White,"570,744","+/-5,612",78.3,+/-0.7
DP05,5001800US0105,"Congressional District 5 (118th Congress), Alabama",65,Black or African American,"137,796","+/-3,294",18.9,+/-0.4
DP05,5001800US0105,"Congressional District 5 (118th Congress), Alabama",66,American Indian and Alaska Native,"24,672","+/-4,025",3.4,+/-0.6
DP05,5001800US0105,"Congressional District 5 (118th Congress), Alabama",67,Asian,"18,407","+/-1,304",2.5,+/-0.2
DP05,5001800US0105,"Congressional District 5 (118th Congress), Alabama",68,Native Hawaiian and Other Pacific Islander,"3,463","+/-1,424",0.5,+/-0.2
DP05,5001800US0105,"Congressional District 5 (118th Congress), Alabama",69,Some other race,"36,702","+/-3,304",5.0,+/-0.5
DP05,5001800US0105,"Congressional District 5 (118th Congress), Alabama",69.3,,,,,
DP05,5001800US0105,"Congressional District 5 (118th Congress), Alabama",69.5,HISPANIC OR LATINO AND RACE,,,,
DP05,5001800US0105,"Congressional District 5 (118th Congress), Alabama",70,Total population,"729,384","+/-3,408","729,384",(X)
DP05,5001800US0105,"Congressional District 5 (118th Congress), Alabama",71,Hispanic or Latino (of any race),"41,789",+/-365,5.7,+/-0.1
DP05,5001800US0105,"Congressional District 5 (118th Congress), Alabama",72,Mexican,"20,557","+/-3,624",2.8,+/-0.5
DP05,5001800US0105,"Congressional District 5 (118th Congress), Alabama",73,Puerto Rican,"5,916","+/-2,191",0.8,+/-0.3
DP05,5001800US0105,"Congressional District 5 (118th Congress), Alabama",74,Cuban,"1,481",+/-973,0.2,+/-0.1
DP05,5001800US0105,"Congressional District 5 (118th Congress), Alabama",75,Other Hispanic or Latino,"13,835","+/-3,120",1.9,+/-0.4
DP05,5001800US0105,"Congressional District 5 (118th Congress), Alabama",76,Not Hispanic or Latino,"687,595","+/-3,508",94.3,+/-0.1
DP05,5001800US0105,"Congressional District 5 (118th Congress), Alabama",77,White alone,"514,572","+/-3,680",70.5,+/-0.3
DP05,5001800US0105,"Congressional District 5 (118th Congress), Alabama",78,Black or African American alone,"120,643","+/-4,657",16.5,+/-0.6
DP05,5001800US0105,"Congressional District 5 (118th Congress), Alabama",79,American Indian and Alaska Native alone,"2,788",+/-931,0.4,+/-0.1
DP05,5001800US0105,"Congressional District 5 (118th Congress), Alabama",80,Asian alone,"9,831","+/-1,682",1.3,+/-0.2
DP05,5001800US0105,"Congressional District 5 (118th Congress), Alabama",81,Native Hawaiian and Other Pacific Islander alone,"1,132",+/-860,0.2,+/-0.1
DP05,5001800US0105,"Congressional District 5 (118th Congress), Alabama",82,Some other race alone,"1,650","+/-1,211",0.2,+/-0.2
DP05,5001800US0105,"Congressional District 5 (118th Congress), Alabama",83,Two or more races,"36,979","+/-4,866",5.1,+/-0.7
DP05,5001800US0105,"Congressional District 5 (118th Congress), Alabama",84,Two races including Some other race,"4,043","+/-1,331",0.6,+/-0.2
DP05,5001800US0105,"Congressional District 5 (118th Congress), Alabama",85,"Two races excluding Some other race, and Three or more races","32,936","+/-4,803",4.5,+/-0.7
DP05,5001800US0105,"Congressional District 5 (118th Congress), Alabama",85.3,,,,,
DP05,5001800US0105,"Congressional District 5 (118th Congress), Alabama",86,Total housing units,"318,479","+/-1,819",(X),(X)
DP05,5001800US0105,"Congressional District 5 (118th Congress), Alabama",86.3,,,,,
DP05,5001800US0105,"Congressional District 5 (118th Congress), Alabama",86.5,"CITIZEN, VOTING AGE POPULATION",,,,
DP05,5001800US0105,"Congressional District 5 (118th Congress), Alabama",87,"Citizen, 18 and over population","557,827","+/-3,694","557,827",(X)
DP05,5001800US0105,"Congressional District 5 (118th Congress), Alabama",88,Male,"272,406","+/-2,430",48.8,+/-0.3
DP05,5001800US0105,"Congressional District 5 (118th Congress), Alabama",89,Female,"285,421","+/-2,210",51.2,+/-0.3
DP05,5001800US0106,"Congressional District 6 (118th Congress), Alabama",0,ACS DEMOGRAPHIC AND HOUSING ESTIMATES,,,,
DP05,5001800US0106,"Congressional District 6 (118th Congress), Alabama",0.5,,,,,
DP05,5001800US0106,"Congressional District 6 (118th Congress), Alabama",0.8,SEX AND AGE,,,,
DP05,5001800US0106,"Congressional District 6 (118th Congress), Alabama",1,Total population,"706,497","+/-10,989","706,497",(X)
DP05,5001800US0106,"Congressional District 6 (118th Congress), Alabama",2,Male,"342,976","+/-6,374",48.5,+/-0.5
DP05,5001800US0106,"Congressional District 6 (118th Congress), Alabama",3,Female,"363,521","+/-6,456",51.5,+/-0.5
DP05,5001800US0106,"Congressional District 6 (118th Congress), Alabama",4,Sex ratio (males per 100 females),94.3,+/-1.8,(X),(X)
DP05,5001800US0106,"Congressional District 6 (118th Congress), Alabama",4.3,,,,,
DP05,5001800US0106,"Congressional District 6 (118th Congress), Alabama",5,Under 5 years,"41,408","+/-3,071",5.9,+/-0.4
DP05,5001800US0106,"Congressional District 6 (118th Congress), Alabama",6,5 to 9 years,"43,422","+/-3,224",6.1,+/-0.4
DP05,5001800US0106,"Congressional District 6 (118th Congress), Alabama",7,10 to 14 years,"48,144","+/-3,125",6.8,+/-0.4
DP05,5001800US0106,"Congressional District 6 (118th Congress), Alabama",8,15 to 19 years,"44,275","+/-2,672",6.3,+/-0.3
DP05,5001800US0106,"Congressional District 6 (118th Congress), Alabama",9,20 to 24 years,"38,880","+/-2,885",5.5,+/-0.4
DP05,5001800US0106,"Congressional District 6 (118th Congress), Alabama",10,25 to 34 years,"95,247","+/-4,738",13.5,+/-0.6
DP05,5001800US0106,"Congressional District 6 (118th Congress), Alabama",11,35 to 44 years,"92,959","+/-3,167",13.2,+/-0.4
DP05,5001800US0106,"Congressional District 6 (118th Congress), Alabama",12,45 to 54 years,"91,522","+/-2,847",13.0,+/-0.4
DP05,5001800US0106,"Congressional District 6 (118th Congress), Alabama",13,55 to 59 years,"47,331","+/-3,663",6.7,+/-0.5
DP05,5001800US0106,"Congressional District 6 (118th Congress), Alabama",14,60 to 64 years,"45,538","+/-3,217",6.4,+/-0.5
DP05,5001800US0106,"Congressional District 6 (118th Congress), Alabama",15,65 to 74 years,"70,709","+/-2,356",10.0,+/-0.3
DP05,5001800US0106,"Congressional District 6 (118th Congress), Alabama",16,75 to 84 years,"35,741","+/-2,335",5.1,+/-0.3
DP05,5001800US0106,"Congressional District 6 (118th Congress), Alabama",17,85 years and over,"11,321","+/-1,374",1.6,+/-0.2
DP05,5001800US0106,"Congressional District 6 (118th Congress), Alabama",17.3,,,,,
DP05,5001800US0106,"Congressional District 6 (118th Congress), Alabama",18,Median age (years),39.6,+/-0.7,(X),(X)
DP05,5001800US0106,"Congressional District 6 (118th Congress), Alabama",18.3,,,,,
DP05,5001800US0106,"Congressional District 6 (118th Congress), Alabama",19,Under 18 years,"161,580","+/-5,372",22.9,+/-0.6
DP05,5001800US0106,"Congressional District 6 (118th Congress), Alabama",20,16 years and over,"564,758","+/-8,785",79.9,+/-0.6
DP05,5001800US0106,"Congressional District 6 (118th Congress), Alabama",21,18 years and over,"544,917","+/-8,198",77.1,+/-0.6
DP05,5001800US0106,"Congressional District 6 (118th Congress), Alabama",22,21 years and over,"520,698","+/-8,069",73.7,+/-0.7
DP05,5001800US0106,"Congressional District 6 (118th Congress), Alabama",23,62 years and over,"147,209","+/-3,711",20.8,+/-0.6
DP05,5001800US0106,"Congressional District 6 (118th Congress), Alabama",24,65 years and over,"117,771","+/-3,054",16.7,+/-0.5
DP05,5001800US0106,"Congressional District 6 (118th Congress), Alabama",24.3,,,,,
DP05,5001800US0106,"Congressional District 6 (118th Congress), Alabama",25,18 years and over,"544,917","+/-8,198","544,917",(X)
DP05,5001800US0106,"Congressional District 6 (118th Congress), Alabama",26,Male,"261,711","+/-4,816",48.0,+/-0.5
DP05,5001800US0106,"Congressional District 6 (118th Congress), Alabama",27,Female,"283,206","+/-5,027",52.0,+/-0.5
DP05,5001800US0106,"Congressional District 6 (118th Congress), Alabama",28,Sex ratio (males per 100 females),92.4,+/-1.8,(X),(X)
DP05,5001800US0106,"Congressional District 6 (118th Congress), Alabama",28.3,,,,,
DP05,5001800US0106,"Congressional District 6 (118th Congress), Alabama",29,65 years and over,"117,771","+/-3,054","117,771",(X)
DP05,5001800US0106,"Congressional District 6 (118th Congress), Alabama",30,Male,"52,246","+/-1,678",44.4,+/-0.9
DP05,5001800US0106,"Congressional District 6 (118th Congress), Alabama",31,Female,"65,525","+/-1,986",55.6,+/-0.9
DP05,5001800US0106,"Congressional District 6 (118th Congress), Alabama",32,Sex ratio (males per 100 females),79.7,+/-2.8,(X),(X)
DP05,5001800US0106,"Congressional District 6 (118th Congress), Alabama",32.3,,,,,
DP05,5001800US0106,"Congressional District 6 (118th Congress), Alabama",32.5,RACE,,,,
DP05,5001800US0106,"Congressional District 6 (118th Congress), Alabama",33,Total population,"706,497","+/-10,989","706,497",(X)
DP05,5001800US0106,"Congressional District 6 (118th Congress), Alabama",34,One race,"671,122","+/-11,862",95.0,+/-0.7
DP05,5001800US0106,"Congressional District 6 (118th Congress), Alabama",35,Two or more races,"35,375","+/-5,193",5.0,+/-0.7
DP05,5001800US0106,"Congressional District 6 (118th Congress), Alabama",35.3,,,,,
DP05,5001800US0106,"Congressional District 6 (118th Congress), Alabama",36,One race,"671,122","+/-11,862",95.0,+/-0.7
DP05,5001800US0106,"Congressional District 6 (118th Congress), Alabama",37,White,"510,439","+/-7,592",72.2,+/-1.2
DP05,5001800US0106,"Congressional District 6 (118th Congress), Alabama",38,Black or African American,"129,777","+/-9,090",18.4,+/-1.1
DP05,5001800US0106,"Congressional District 6 (118th Congress), Alabama",39,American Indian and Alaska Native,"2,934","+/-1,588",0.4,+/-0.2
DP05,5001800US0106,"Congressional District 6 (118th Congress), Alabama",40,Cherokee tribal grouping,(X),(X),(X),(X)
DP05,5001800US0106,"Congressional District 6 (118th Congress), Alabama",41,Chippewa tribal grouping,(X),(X),(X),(X)
DP05,5001800US0106,"Congressional District 6 (118th Congress), Alabama",42,Navajo tribal grouping,(X),(X),(X),(X)
DP05,5001800US0106,"Congressional District 6 (118th Congress), Alabama",43,Sioux tribal grouping,(X),(X),(X),(X)
DP05,5001800US0106,"Congressional District 6 (118th Congress), Alabama",44,Asian,"11,824","+/-1,881",1.7,+/-0.3
DP05,5001800US0106,"Congressional District 6 (118th Congress), Alabama",45,Asian Indian,"2,706","+/-1,578",0.4,+/-0.2
DP05,5001800US0106,"Congressional District 6 (118th Congress), Alabama",46,Chinese,"3,046","+/-1,224",0.4,+/-0.2
DP05,5001800US0106,"Congressional District 6 (118th Congress), Alabama",47,Filipino,"1,333","+/-1,328",0.2,+/-0.2
DP05,5001800US0106,"Congressional District 6 (118th Congress), Alabama",48,Japanese,408,+/-426,0.1,+/-0.1
DP05,5001800US0106,"Congressional District 6 (118th Congress), Alabama",49,Korean,"1,216",+/-835,0.2,+/-0.1
DP05,5001800US0106,"Congressional District 6 (118th Congress), Alabama",50,Vietnamese,"1,916",+/-983,0.3,+/-0.1
DP05,5001800US0106,"Congressional District 6 (118th Congress), Alabama",51,Other Asian,"1,199",+/-926,0.2,+/-0.1
DP05,5001800US0106,"Congressional District 6 (118th Congress), Alabama",52,Native Hawaiian and Other Pacific Islander,288,+/-283,0.0,+/-0.1
DP05,5001800US0106,"Congressional District 6 (118th Congress), Alabama",53,Native Hawaiian,N,N,N,N
DP05,5001800US0106,"Congressional District 6 (118th Congress), Alabama",54,Chamorro,N,N,N,N
DP05,5001800US0106,"Congressional District 6 (118th Congress), Alabama",55,Samoan,N,N,N,N
DP05,5001800US0106,"Congressional District 6 (118th Congress), Alabama",56,Other Pacific Islander,N,N,N,N
DP05,5001800US0106,"Congressional District 6 (118th Congress), Alabama",57,Some other race,"15,860","+/-3,582",2.2,+/-0.5
DP05,5001800US0106,"Congressional District 6 (118th Congress), Alabama",58,Two or more races,"35,375","+/-5,193",5.0,+/-0.7
DP05,5001800US0106,"Congressional District 6 (118th Congress), Alabama",59,White and Black or African American,"3,008","+/-1,111",0.4,+/-0.2
DP05,5001800US0106,"Congressional District 6 (118th Congress), Alabama",60,White and American Indian and Alaska Native,"9,846","+/-2,575",1.4,+/-0.4
DP05,5001800US0106,"Congressional District 6 (118th Congress), Alabama",61,White and Asian,"2,133",+/-763,0.3,+/-0.1
DP05,5001800US0106,"Congressional District 6 (118th Congress), Alabama",62,Black or African American and American Indian and Alaska Native,679,+/-576,0.1,+/-0.1
DP05,5001800US0106,"Congressional District 6 (118th Congress), Alabama",62.3,,,,,
DP05,5001800US0106,"Congressional District 6 (118th Congress), Alabama",62.5,Race alone or in combination with one or more other races,,,,
DP05,5001800US0106,"Congressional District 6 (118th Congress), Alabama",63,Total population,"706,497","+/-10,989","706,497",(X)
DP05,5001800US0106,"Congressional District 6 (118th Congress), Alabama",64,White,"543,426","+/-7,696",76.9,+/-1.2
DP05,5001800US0106,"Congressional District 6 (118th Congress), Alabama",65,Black or African American,"135,676","+/-9,233",19.2,+/-1.1
DP05,5001800US0106,"Congressional District 6 (118th Congress), Alabama",66,American Indian and Alaska Native,"15,543","+/-3,073",2.2,+/-0.4
DP05,5001800US0106,"Congressional District 6 (118th Congress), Alabama",67,Asian,"15,232","+/-1,885",2.2,+/-0.3
DP05,5001800US0106,"Congressional District 6 (118th Congress), Alabama",68,Native Hawaiian and Other Pacific Islander,"1,254",+/-970,0.2,+/-0.1
DP05,5001800US0106,"Congressional District 6 (118th Congress), Alabama",69,Some other race,"33,218","+/-5,210",4.7,+/-0.7
DP05,5001800US0106,"Congressional District 6 (118th Congress), Alabama",69.3,,,,,
DP05,5001800US0106,"Congressional District 6 (118th Congress), Alabama",69.5,HISPANIC OR LATINO AND RACE,,,,
DP05,5001800US0106,"Congressional District 6 (118th Congress), Alabama",70,Total population,"706,497","+/-10,989","706,497",(X)
DP05,5001800US0106,"Congressional District 6 (118th Congress), Alabama",71,Hispanic or Latino (of any race),"36,253","+/-2,777",5.1,+/-0.4
DP05,5001800US0106,"Congressional District 6 (118th Congress), Alabama",72,Mexican,"24,216","+/-3,526",3.4,+/-0.5
DP05,5001800US0106,"Congressional District 6 (118th Congress), Alabama",73,Puerto Rican,"1,233",+/-735,0.2,+/-0.1
DP05,5001800US0106,"Congressional District 6 (118th Congress), Alabama",74,Cuban,"1,180",+/-865,0.2,+/-0.1
DP05,5001800US0106,"Congressional District 6 (118th Congress), Alabama",75,Other Hispanic or Latino,"9,624","+/-2,741",1.4,+/-0.4
DP05,5001800US0106,"Congressional District 6 (118th Congress), Alabama",76,Not Hispanic or Latino,"670,244","+/-10,748",94.9,+/-0.4
DP05,5001800US0106,"Congressional District 6 (118th Congress), Alabama",77,White alone,"500,089","+/-7,388",70.8,+/-1.1
DP05,5001800US0106,"Congressional District 6 (118th Congress), Alabama",78,Black or African American alone,"128,942","+/-9,155",18.3,+/-1.1
DP05,5001800US0106,"Congressional District 6 (118th Congress), Alabama",79,American Indian and Alaska Native alone,"2,113","+/-1,430",0.3,+/-0.2
DP05,5001800US0106,"Congressional District 6 (118th Congress), Alabama",80,Asian alone,"11,782","+/-1,886",1.7,+/-0.3
DP05,5001800US0106,"Congressional District 6 (118th Congress), Alabama",81,Native Hawaiian and Other Pacific Islander alone,288,+/-283,0.0,+/-0.1
DP05,5001800US0106,"Congressional District 6 (118th Congress), Alabama",82,Some other race alone,"2,484","+/-1,651",0.4,+/-0.2
DP05,5001800US0106,"Congressional District 6 (118th Congress), Alabama",83,Two or more races,"24,546","+/-4,045",3.5,+/-0.6
DP05,5001800US0106,"Congressional District 6 (118th Congress), Alabama",84,Two races including Some other race,"7,822","+/-2,536",1.1,+/-0.4
DP05,5001800US0106,"Congressional District 6 (118th Congress), Alabama",85,"Two races excluding Some other race, and Three or more races","16,724","+/-3,341",2.4,+/-0.5
DP05,5001800US0106,"Congressional District 6 (118th Congress), Alabama",85.3,,,,,
DP05,5001800US0106,"Congressional District 6 (118th Congress), Alabama",86,Total housing units,"306,526","+/-3,924",(X),(X)
DP05,5001800US0106,"Congressional District 6 (118th Congress), Alabama",86.3,,,,,
DP05,5001800US0106,"Congressional District 6 (118th Congress), Alabama",86.5,"CITIZEN, VOTING AGE POPULATION",,,,
DP05,5001800US0106,"Congressional District 6 (118th Congress), Alabama",87,"Citizen, 18 and over population","531,046","+/-8,513","531,046",(X)
DP05,5001800US0106,"Congressional District 6 (118th Congress), Alabama",88,Male,"253,286","+/-4,987",47.7,+/-0.5
DP05,5001800US0106,"Congressional District 6 (118th Congress), Alabama",89,Female,"277,760","+/-5,243",52.3,+/-0.5
DP05,5001800US0107,"Congressional District 7 (118th Congress), Alabama",0,ACS DEMOGRAPHIC AND HOUSING ESTIMATES,,,,
DP05,5001800US0107,"Congressional District 7 (118th Congress), Alabama",0.5,,,,,
DP05,5001800US0107,"Congressional District 7 (118th Congress), Alabama",0.8,SEX AND AGE,,,,
DP05,5001800US0107,"Congressional District 7 (118th Congress), Alabama",1,Total population,"716,213","+/-12,428","716,213",(X)
DP05,5001800US0107,"Congressional District 7 (118th Congress), Alabama",2,Male,"338,855","+/-7,817",47.3,+/-0.6
DP05,5001800US0107,"Congressional District 7 (118th Congress), Alabama",3,Female,"377,358","+/-7,118",52.7,+/-0.6
DP05,5001800US0107,"Congressional District 7 (118th Congress), Alabama",4,Sex ratio (males per 100 females),89.8,+/-2.1,(X),(X)
DP05,5001800US0107,"Congressional District 7 (118th Congress), Alabama",4.3,,,,,
DP05,5001800US0107,"Congressional District 7 (118th Congress), Alabama",5,Under 5 years,"41,833","+/-3,414",5.8,+/-0.5
DP05,5001800US0107,"Congressional District 7 (118th Congress), Alabama",6,5 to 9 years,"44,288","+/-4,106",6.2,+/-0.6
DP05,5001800US0107,"Congressional District 7 (118th Congress), Alabama",7,10 to 14 years,"44,204","+/-4,064",6.2,+/-0.5
DP05,5001800US0107,"Congressional District 7 (118th Congress), Alabama",8,15 to 19 years,"54,849","+/-3,722",7.7,+/-0.5
DP05,5001800US0107,"Congressional District 7 (118th Congress), Alabama",9,20 to 24 years,"59,192","+/-3,102",8.3,+/-0.4
DP05,5001800US0107,"Congressional District 7 (118th Congress), Alabama",10,25 to 34 years,"94,727","+/-4,943",13.2,+/-0.6
DP05,5001800US0107,"Congressional District 7 (118th Congress), Alabama",11,35 to 44 years,"86,151","+/-4,236",12.0,+/-0.5
DP05,5001800US0107,"Congressional District 7 (118th Congress), Alabama",12,45 to 54 years,"78,001","+/-3,557",10.9,+/-0.4
DP05,5001800US0107,"Congressional District 7 (118th Congress), Alabama",13,55 to 59 years,"43,453","+/-3,123",6.1,+/-0.4
DP05,5001800US0107,"Congressional District 7 (118th Congress), Alabama",14,60 to 64 years,"47,943","+/-3,326",6.7,+/-0.5
DP05,5001800US0107,"Congressional District 7 (118th Congress), Alabama",15,65 to 74 years,"76,967","+/-2,781",10.7,+/-0.4
DP05,5001800US0107,"Congressional District 7 (118th Congress), Alabama",16,75 to 84 years,"32,485","+/-2,244",4.5,+/-0.3
DP05,5001800US0107,"Congressional District 7 (118th Congress), Alabama",17,85 years and over,"12,120","+/-1,714",1.7,+/-0.2
DP05,5001800US0107,"Congressional District 7 (118th Congress), Alabama",17.3,,,,,
DP05,5001800US0107,"Congressional District 7 (118th Congress), Alabama",18,Median age (years),37.5,+/-0.7,(X),(X)
DP05,5001800US0107,"Congressional District 7 (118th Congress), Alabama",18.3,,,,,
DP05,5001800US0107,"Congressional District 7 (118th Congress), Alabama",19,Under 18 years,"155,471","+/-5,967",21.7,+/-0.6
DP05,5001800US0107,"Congressional District 7 (118th Congress), Alabama",20,16 years and over,"576,188","+/-9,919",80.4,+/-0.6
DP05,5001800US0107,"Congressional District 7 (118th Congress), Alabama",21,18 years and over,"560,742","+/-9,296",78.3,+/-0.6
DP05,5001800US0107,"Congressional District 7 (118th Congress), Alabama",22,21 years and over,"516,720","+/-8,802",72.1,+/-0.8
DP05,5001800US0107,"Congressional District 7 (118th Congress), Alabama",23,62 years and over,"148,534","+/-4,240",20.7,+/-0.7
DP05,5001800US0107,"Congressional District 7 (118th Congress), Alabama",24,65 years and over,"121,572","+/-3,498",17.0,+/-0.6
DP05,5001800US0107,"Congressional District 7 (118th Congress), Alabama",24.3,,,,,
DP05,5001800US0107,"Congressional District 7 (118th Congress), Alabama",25,18 years and over,"560,742","+/-9,296","560,742",(X)
DP05,5001800US0107,"Congressional District 7 (118th Congress), Alabama",26,Male,"259,815","+/-5,763",46.3,+/-0.6
DP05,5001800US0107,"Congressional District 7 (118th Congress), Alabama",27,Female,"300,927","+/-5,539",53.7,+/-0.6
DP05,5001800US0107,"Congressional District 7 (118th Congress), Alabama",28,Sex ratio (males per 100 females),86.3,+/-2.0,(X),(X)
DP05,5001800US0107,"Congressional District 7 (118th Congress), Alabama",28.3,,,,,
DP05,5001800US0107,"Congressional District 7 (118th Congress), Alabama",29,65 years and over,"121,572","+/-3,498","121,572",(X)
DP05,5001800US0107,"Congressional District 7 (118th Congress), Alabama",30,Male,"50,770","+/-1,961",41.8,+/-1.0
DP05,5001800US0107,"Congressional District 7 (118th Congress), Alabama",31,Female,"70,802","+/-2,238",58.2,+/-1.0
DP05,5001800US0107,"Congressional District 7 (118th Congress), Alabama",32,Sex ratio (males per 100 females),71.7,+/-2.8,(X),(X)
DP05,5001800US0107,"Congressional District 7 (118th Congress), Alabama",32.3,,,,,
DP05,5001800US0107,"Congressional District 7 (118th Congress), Alabama",32.5,RACE,,,,
DP05,5001800US0107,"Congressional District 7 (118th Congress), Alabama",33,Total population,"716,213","+/-12,428","716,213",(X)
DP05,5001800US0107,"Congressional District 7 (118th Congress), Alabama",34,One race,"691,160","+/-12,866",96.5,+/-0.6
DP05,5001800US0107,"Congressional District 7 (118th Congress), Alabama",35,Two or more races,"25,053","+/-4,573",3.5,+/-0.6
DP05,5001800US0107,"Congressional District 7 (118th Congress), Alabama",35.3,,,,,
DP05,5001800US0107,"Congressional District 7 (118th Congress), Alabama",36,One race,"691,160","+/-12,866",96.5,+/-0.6
DP05,5001800US0107,"Congressional District 7 (118th Congress), Alabama",37,White,"256,782","+/-8,050",35.9,+/-0.9
DP05,5001800US0107,"Congressional District 7 (118th Congress), Alabama",38,Black or African American,"409,114","+/-11,059",57.1,+/-1.1
DP05,5001800US0107,"Congressional District 7 (118th Congress), Alabama",39,American Indian and Alaska Native,997,+/-549,0.1,+/-0.1
DP05,5001800US0107,"Congressional District 7 (118th Congress), Alabama",40,Cherokee tribal grouping,(X),(X),(X),(X)
DP05,5001800US0107,"Congressional District 7 (118th Congress), Alabama",41,Chippewa tribal grouping,(X),(X),(X),(X)
DP05,5001800US0107,"Congressional District 7 (118th Congress), Alabama",42,Navajo tribal grouping,(X),(X),(X),(X)
DP05,5001800US0107,"Congressional District 7 (118th Congress), Alabama",43,Sioux tribal grouping,(X),(X),(X),(X)
DP05,5001800US0107,"Congressional District 7 (118th Congress), Alabama",44,Asian,"9,098","+/-2,332",1.3,+/-0.3
DP05,5001800US0107,"Congressional District 7 (118th Congress), Alabama",45,Asian Indian,"4,572","+/-2,166",0.6,+/-0.3
DP05,5001800US0107,"Congressional District 7 (118th Congress), Alabama",46,Chinese,"1,469",+/-781,0.2,+/-0.1
DP05,5001800US0107,"Congressional District 7 (118th Congress), Alabama",47,Filipino,648,+/-489,0.1,+/-0.1
DP05,5001800US0107,"Congressional District 7 (118th Congress), Alabama",48,Japanese,570,+/-546,0.1,+/-0.1
DP05,5001800US0107,"Congressional District 7 (118th Congress), Alabama",49,Korean,962,+/-821,0.1,+/-0.1
DP05,5001800US0107,"Congressional District 7 (118th Congress), Alabama",50,Vietnamese,402,+/-476,0.1,+/-0.1
DP05,5001800US0107,"Congressional District 7 (118th Congress), Alabama",51,Other Asian,475,+/-329,0.1,+/-0.1
DP05,5001800US0107,"Congressional District 7 (118th Congress), Alabama",52,Native Hawaiian and Other Pacific Islander,46,+/-78,0.0,+/-0.1
DP05,5001800US0107,"Congressional District 7 (118th Congress), Alabama",53,Native Hawaiian,N,N,N,N
DP05,5001800US0107,"Congressional District 7 (118th Congress), Alabama",54,Chamorro,N,N,N,N
DP05,5001800US0107,"Congressional District 7 (118th Congress), Alabama",55,Samoan,N,N,N,N
DP05,5001800US0107,"Congressional District 7 (118th Congress), Alabama",56,Other Pacific Islander,N,N,N,N
DP05,5001800US0107,"Congressional District 7 (118th Congress), Alabama",57,Some other race,"15,123","+/-3,613",2.1,+/-0.5
DP05,5001800US0107,"Congressional District 7 (118th Congress), Alabama",58,Two or more races,"25,053","+/-4,573",3.5,+/-0.6
DP05,5001800US0107,"Congressional District 7 (118th Congress), Alabama",59,White and Black or African American,"5,504","+/-2,114",0.8,+/-0.3
DP05,5001800US0107,"Congressional District 7 (118th Congress), Alabama",60,White and American Indian and Alaska Native,"2,855",+/-837,0.4,+/-0.1
DP05,5001800US0107,"Congressional District 7 (118th Congress), Alabama",61,White and Asian,"1,656",+/-771,0.2,+/-0.1
DP05,5001800US0107,"Congressional District 7 (118th Congress), Alabama",62,Black or African American and American Indian and Alaska Native,"2,447","+/-1,332",0.3,+/-0.2
DP05,5001800US0107,"Congressional District 7 (118th Congress), Alabama",62.3,,,,,
DP05,5001800US0107,"Congressional District 7 (118th Congress), Alabama",62.5,Race alone or in combination with one or more other races,,,,
DP05,5001800US0107,"Congressional District 7 (118th Congress), Alabama",63,Total population,"716,213","+/-12,428","716,213",(X)
DP05,5001800US0107,"Congressional District 7 (118th Congress), Alabama",64,White,"276,979","+/-8,827",38.7,+/-1.0
DP05,5001800US0107,"Congressional District 7 (118th Congress), Alabama",65,Black or African American,"419,604","+/-10,688",58.6,+/-1.0
DP05,5001800US0107,"Congressional District 7 (118th Congress), Alabama",66,American Indian and Alaska Native,"7,465","+/-2,062",1.0,+/-0.3
DP05,5001800US0107,"Congressional District 7 (118th Congress), Alabama",67,Asian,"12,311","+/-2,503",1.7,+/-0.4
DP05,5001800US0107,"Congressional District 7 (118th Congress), Alabama",68,Native Hawaiian and Other Pacific Islander,"1,067",+/-700,0.1,+/-0.1
DP05,5001800US0107,"Congressional District 7 (118th Congress), Alabama",69,Some other race,"26,038","+/-3,941",3.6,+/-0.5
DP05,5001800US0107,"Congressional District 7 (118th Congress), Alabama",69.3,,,,,
DP05,5001800US0107,"Congressional District 7 (118th Congress), Alabama",69.5,HISPANIC OR LATINO AND RACE,,,,
DP05,5001800US0107,"Congressional District 7 (118th Congress), Alabama",70,Total population,"716,213","+/-12,428","716,213",(X)
DP05,5001800US0107,"Congressional District 7 (118th Congress), Alabama",71,Hispanic or Latino (of any race),"29,248","+/-3,333",4.1,+/-0.5
DP05,5001800US0107,"Congressional District 7 (118th Congress), Alabama",72,Mexican,"18,521","+/-3,470",2.6,+/-0.5
DP05,5001800US0107,"Congressional District 7 (118th Congress), Alabama",73,Puerto Rican,"1,004",+/-818,0.1,+/-0.1
DP05,5001800US0107,"Congressional District 7 (118th Congress), Alabama",74,Cuban,"1,024",+/-821,0.1,+/-0.1
DP05,5001800US0107,"Congressional District 7 (118th Congress), Alabama",75,Other Hispanic or Latino,"8,699","+/-2,218",1.2,+/-0.3
DP05,5001800US0107,"Congressional District 7 (118th Congress), Alabama",76,Not Hispanic or Latino,"686,965","+/-12,230",95.9,+/-0.5
DP05,5001800US0107,"Congressional District 7 (118th Congress), Alabama",77,White alone,"250,759","+/-7,682",35.0,+/-0.9
DP05,5001800US0107,"Congressional District 7 (118th Congress), Alabama",78,Black or African American alone,"408,349","+/-11,004",57.0,+/-1.1
DP05,5001800US0107,"Congressional District 7 (118th Congress), Alabama",79,American Indian and Alaska Native alone,341,+/-230,0.0,+/-0.1
DP05,5001800US0107,"Congressional District 7 (118th Congress), Alabama",80,Asian alone,"8,899","+/-2,303",1.2,+/-0.3
DP05,5001800US0107,"Congressional District 7 (118th Congress), Alabama",81,Native Hawaiian and Other Pacific Islander alone,46,+/-78,0.0,+/-0.1
DP05,5001800US0107,"Congressional District 7 (118th Congress), Alabama",82,Some other race alone,"2,221","+/-2,251",0.3,+/-0.3
DP05,5001800US0107,"Congressional District 7 (118th Congress), Alabama",83,Two or more races,"16,350","+/-3,418",2.3,+/-0.5
DP05,5001800US0107,"Congressional District 7 (118th Congress), Alabama",84,Two races including Some other race,"2,330",+/-796,0.3,+/-0.1
DP05,5001800US0107,"Congressional District 7 (118th Congress), Alabama",85,"Two races excluding Some other race, and Three or more races","14,020","+/-3,315",2.0,+/-0.5
DP05,5001800US0107,"Congressional District 7 (118th Congress), Alabama",85.3,,,,,
DP05,5001800US0107,"Congressional District 7 (118th Congress), Alabama",86,Total housing units,"344,719","+/-4,203",(X),(X)
DP05,5001800US0107,"Congressional District 7 (118th Congress), Alabama",86.3,,,,,
DP05,5001800US0107,"Congressional District 7 (118th Congress), Alabama",86.5,"CITIZEN, VOTING AGE POPULATION",,,,
DP05,5001800US0107,"Congressional District 7 (118th Congress), Alabama",87,"Citizen, 18 and over population","546,972","+/-10,058","546,972",(X)
DP05,5001800US0107,"Congressional District 7 (118th Congress), Alabama",88,Male,"252,332","+/-6,053",46.1,+/-0.6
DP05,5001800US0107,"Congressional District 7 (118th Congress), Alabama",89,Female,"294,640","+/-5,844",53.9,+/-0.6
